config,trace,instr,cycles,BRANCH_DIRECT_JUMP_mpki,BRANCH_INDIRECT_mpki,BRANCH_CONDITIONAL_mpki,BRANCH_DIRECT_CALL_mpki,BRANCH_INDIRECT_CALL_mpki,BRANCH_RETURN_mpki,BRANCH_DIRECT_JUMP_count,BRANCH_INDIRECT_count,BRANCH_CONDITIONAL_count,BRANCH_DIRECT_CALL_count,BRANCH_INDIRECT_CALL_count,BRANCH_RETURN_count
blbp64_tuned,706.stockfish_r.sp0,200000000,138632412,0.000965,0.07551,4.868,0.01184,0.00014,0.03401,2009566,192645,15203047,1648859,4237,1653096
blbp64_tuned,706.stockfish_r.sp1,200000003,145490257,8.5e-05,0.1005,5.571,0.00631,5e-06,0.04018,1890249,209929,15908622,1658393,11,1658390
blbp64_tuned,706.stockfish_r.sp2,200000001,140969199,8.5e-05,0.08946,4.855,0.00791,0,0.01865,1885935,181712,15526242,1495433,0,1495426
blbp64_tuned,707.ntest_r.sp0,200000001,111475008,5e-06,0,2.187,0,0,0.02058,1193798,3554,9902725,2792298,0,2792293
blbp64_tuned,707.ntest_r.sp1,200000004,112078293,3.5e-05,0,2.33,5e-06,0,0.02708,1102657,4064,8753593,2555805,10,2555832
blbp64_tuned,707.ntest_r.sp2,200000004,113051793,5.5e-05,0,0.6586,3e-05,0,0.00189,925054,2933,5627153,2141141,6,2141133
blbp64_tuned,708.sqlite_r.sp0,200000000,174681938,1e-05,0,0.02135,5e-06,0,5e-06,8394659,3043112,23399662,1147718,393457,1541175
blbp64_tuned,708.sqlite_r.sp1,200000004,172167662,0.00261,0.04761,2.014,0.001505,0.000315,0.104,3689725,1701518,27818776,2489608,799833,3289443
blbp64_tuned,708.sqlite_r.sp2,200000002,112642216,0.00099,0.01439,0.6083,5e-06,0,0.004,4870805,2002843,30168925,1496289,528775,2025065
blbp64_tuned,710.omnetpp_r.sp0,200000002,189741636,0.00121,0,6.895,4.5e-05,0.000375,0.00172,561500,613960,44860635,778398,407807,1186205
blbp64_tuned,710.omnetpp_r.sp2,200000003,245372049,0.8163,0.00022,2.675,0.0176,0.8086,1.029,2569700,1730054,21604710,3392407,2679525,6071927
blbp64_tuned,714.cpython_r.sp0,200000004,94954524,0.00054,0.00056,0.003455,0.00014,0.00014,0.000955,3561122,3085338,25261156,2806017,562356,3368371
blbp64_tuned,714.cpython_r.sp1,200000001,96966974,0.3232,3e-05,0.9699,0.08081,0,0.4847,3296169,2052009,27904125,3344642,484732,3829365
blbp64_tuned,721.gcc_r.sp1,200000001,155612218,0.133,0.0525,4.036,0.06978,0.04613,0.2615,3000985,358968,29282270,3165607,283659,3449273
blbp64_tuned,723.llvm_r.sp1,200000001,150610734,0.6332,0.3193,7.382,1.176,0.08004,0.5431,2945746,804418,27258443,4535660,158516,4694183
blbp64_tuned,723.llvm_r.sp2,200000003,106044244,0.03164,0.06489,0.7407,0.000365,1e-05,0.00145,1774234,978910,23664945,5607478,7958,5615436
blbp64_tuned,727.cppcheck_r.sp1,200000004,365472736,0.02997,0.00088,0.2722,0.00611,0.000795,0.05365,2783886,1874956,38324849,4049222,97085,4146302
blbp64_tuned,727.cppcheck_r.sp2,200000001,154072718,0.00059,1e-05,0.1781,0.00028,5e-06,0.00026,1633648,401871,44570339,3204586,11486,3216072
blbp64_tuned,729.abc_r.sp0,200000003,162444024,0.000105,0,11,1.5e-05,0,1.5e-05,3801460,2539,27530713,21062,0,21061
blbp64_tuned,729.abc_r.sp2,200000004,163085895,0.00013,1.5e-05,8.604,7e-05,0,6.5e-05,3539197,1181,28876751,7990,0,7990
blbp64_tuned,734.vpr_r.sp0,200000000,94485461,1e-05,0,2.192,0,0,5e-06,894270,1,42531436,561738,0,561738
blbp64_tuned,734.vpr_r.sp1,200000003,367604555,0.1059,0.004225,2.066,0.00068,1.5e-05,0.000795,2268056,2472799,31495203,3709136,31346,3740500
blbp64_tuned,735.gem5_r.sp1,200000004,132989500,0.08124,0.00181,0.6343,0.008835,0.09188,1.113,2872711,1730192,26584635,3133383,724627,3858014
blbp64_tuned,750.sealcrypto_r.sp0,200000000,96359493,6e-05,1e-05,0.0788,0.000245,3e-05,0.00026,469742,186007,2752435,929839,422,930259
blbp64_tuned,750.sealcrypto_r.sp1,200000003,106499209,9.5e-05,1e-05,0.2464,0.00054,5e-05,0.000545,474975,196732,2769842,983448,332,983779
blbp64_tuned,750.sealcrypto_r.sp2,200000003,99129814,0.000235,4e-05,0.00597,0.000645,5.5e-05,0.000675,645729,245914,3178315,1229390,478,1229873
blbp64_tuned,753.ns3_r.sp0,200000004,118588390,0.09168,0.03279,1.128,0.2606,0.05429,0.9389,3010574,1906176,26509000,3895999,434251,4330254
blbp64_tuned,753.ns3_r.sp1,200000003,114011140,0.08174,0.0228,0.8188,0.2234,0.04792,0.9102,3040844,1867110,26577468,3871690,433526,4305217
blbp64_tuned,753.ns3_r.sp2,200000003,119772928,0.09684,0.03033,1.212,0.2709,0.05661,0.9373,2974476,1967050,26386261,3930813,437354,4368161
blbp64_tuned,777.zstd_r.sp0,200000000,171361878,0.1055,0.00013,4.246,5e-06,0,3.5e-05,3549564,530,18628448,3098,105,3204
blbp64_tuned,777.zstd_r.sp1,200000000,171045784,0.1315,0,4.253,5e-06,0,2e-05,3789242,442,18312907,2571,89,2660
blbp64_tuned,777.zstd_r.sp2,200000000,88722423,0.001105,0,1.444,1.5e-05,0,3e-05,2582944,557,16086915,1039337,0,1039336
blbp64_tuned,burntsushi__ripgrep-2576_w00000,200000002,187199662,0.2137,0.8499,4.931,0.4692,0.2604,0.647,1343987,1136396,27843611,3288839,557725,3841712
blbp64_tuned,burntsushi__ripgrep-2576_w00001,200000000,103319750,0.001085,0.01534,0.3886,0.00141,0.00075,0.1575,1623497,3406794,25500978,1565110,481375,2045332
blbp64_tuned,burntsushi__ripgrep-2576_w00002,200000002,113916937,1.33,0.002185,2.629,0.00553,0.6293,4.191,5926582,180244,6654477,4130321,4946194,9074741
blbp64_tuned,burntsushi__ripgrep-2576_w00003,200000004,912082279,0.1501,0.2241,5.12,0.00155,1.735,0.6621,526475,566074,38138986,619449,6370174,6988341
blbp64_tuned,gin-gonic__gin-3820_w00000,200000000,187653171,0.2105,0.8539,4.88,0.4612,0.2587,0.6445,1338495,1143929,27723101,3293245,558601,3848768
blbp64_tuned,gin-gonic__gin-3820_w00001,200000000,152903529,0.4756,0.102,4.457,0.4873,0.9597,1.276,4178037,101998,29160226,3192418,1123607,4269760
blbp64_tuned,gin-gonic__gin-3820_w00002,200000000,140519357,0.2967,0.03379,2.181,0.3633,0.4375,1.159,3313961,32574,24719586,4147969,505196,4568267
blbp64_tuned,gin-gonic__gin-3820_w00003,200000003,107550385,0.02366,0.1607,1.342,0.02903,0.02604,0.3125,1814411,1808307,29621373,2061826,815715,2875997
blbp64_tuned,immutable-js__immutable-js-2006_w00000,200000000,186803867,0.2099,0.8501,4.875,0.4569,0.2553,0.6431,1339278,1142914,27805321,3292905,557445,3846226
blbp64_tuned,immutable-js__immutable-js-2006_w00001,200000004,180831037,0.1963,0.2818,4.269,0.1867,0.1268,0.6163,2686077,338249,25535956,3902266,371430,4188045
blbp64_tuned,immutable-js__immutable-js-2006_w00002,200000001,133444954,0.2699,0.1406,1.969,0.3165,0.1128,0.7593,2858426,255677,26416035,3790684,212291,3916686
blbp64_tuned,immutable-js__immutable-js-2006_w00003,200000001,176624699,0.2706,0.2305,4.259,0.3197,0.1684,0.6617,2569447,302220,24980445,3959048,442035,4323144
blbp64_tuned,prometheus__prometheus-15142.toolchain_w00000,200000001,125763501,0.224,0.00228,1.904,0.3905,0.01438,1.178,2868742,2270,22503194,4834927,38986,4626546
blbp64_tuned,prometheus__prometheus-15142.toolchain_w00001,200000001,153537403,0.164,0.03871,1.783,0.1167,0.04493,0.9518,3980965,95753,28286161,4359730,293841,4610203
blbp64_tuned,prometheus__prometheus-15142.toolchain_w00002,200000003,194221931,0.07884,0.008925,2.253,0.0512,0.0097,0.4428,3728454,31887,26660963,3827968,97209,3886354
blbp64_tuned,prometheus__prometheus-15142.toolchain_w00003,200000004,140779728,0.04984,0.000655,2.066,0.02495,0.00032,0.2532,3598611,327,23428527,3398205,553421,3910205
blbp64_tuned,prometheus__prometheus-15142_w00000,200000001,186965518,0.2087,0.846,4.882,0.4527,0.2558,0.6394,1340903,1143558,27745991,3291834,557532,3845464
blbp64_tuned,prometheus__prometheus-15142_w00001,200000003,99675099,0.02631,0.1088,0.3023,0.02675,0.01759,0.1446,1046412,2182114,28024063,2909155,455798,3364961
blbp64_tuned,prometheus__prometheus-15142_w00002,200000001,93281947,0.02617,0.09071,0.25,0.02617,0.01525,0.1449,1070720,2203888,27907843,2934958,459156,3394118
blbp64_tuned,prometheus__prometheus-15142_w00003,200000002,150884970,0.04954,0.1518,0.9104,0.03613,0.00832,0.3466,2343677,1225186,28248278,3185489,218378,3357383
blbp64_tuned,redis__redis-13115.toolchain_w00000,200000000,176028717,0.2,0.0284,2.326,0.4219,0.01391,0.6066,1422550,258905,18214206,3370174,42561,3385912
blbp64_tuned,redis__redis-13115.toolchain_w00001,200000001,178066001,0.08347,0.000245,0.7911,0.01265,0.0001,0.09647,4886927,681089,25554129,5449207,29448,5463099
blbp64_tuned,redis__redis-13115.toolchain_w00002,200000000,87514074,0.01455,0.00306,0.6025,0.01455,0.000595,0.4152,3616939,956157,22183585,4982184,358492,5322826
blbp64_tuned,redis__redis-13115.toolchain_w00003,200000001,79948281,0.055,0.004025,0.9501,0.06681,0.00221,0.4379,1502885,981476,29529519,4711492,95642,4768950
blbp64_tuned,redis__redis-13115_w00000,200000002,187781279,0.2122,0.849,4.923,0.4657,0.2576,0.645,1340333,1141333,27784682,3285943,558221,3840586
blbp64_tuned,redis__redis-13115_w00001,200000002,170227385,0.2593,0.1648,3.998,0.384,0.05979,0.8875,1646708,388827,28178062,3808992,115125,3839799
blbp64_tuned,redis__redis-13115_w00002,200000001,165556370,0.3223,0.1703,5.699,0.5172,0.08829,0.9505,1642019,375212,28127382,3747887,165628,3843751
blbp64_tuned,redis__redis-13115_w00003,200000000,529133094,1.099,0.396,3.504,0.1167,1.218,0.1814,2239988,1294762,33730624,2627001,1399561,4025098
blbp64_tuned,rubocop__rubocop-13668.toolchain_w00000,200000001,147071496,0.238,0.3956,2.959,0.2824,0.06097,0.3867,2330790,695381,23209522,3894479,358147,4251023
blbp64_tuned,rubocop__rubocop-13668.toolchain_w00001,200000000,139469537,0.2052,0.5451,2.968,0.1651,0.1019,0.2915,2560167,842900,25945846,3752199,533075,4285220
blbp64_tuned,rubocop__rubocop-13668.toolchain_w00002,200000004,127643238,0.02513,0.3213,1.512,0.03583,0.00462,0.229,2856849,853940,26973105,3826115,669375,4495487
blbp64_tuned,rubocop__rubocop-13668.toolchain_w00003,200000004,191226463,1.136,1.562,1.185,0.1272,1.093,0.2523,2621483,2460040,21875057,3438100,454029,3889525
blbp64_tuned,rubocop__rubocop-13668_w00000,200000001,187982375,0.2132,0.8622,4.889,0.4659,0.2557,0.6492,1337631,1151645,27665919,3291849,550778,3839149
blbp64_tuned,rubocop__rubocop-13668_w00001,200000000,119047816,1.211,0.2225,0.8057,0.04303,1.189,0.1127,2936479,3009905,22173962,2359426,421710,2779302
blbp64_tuned,rubocop__rubocop-13668_w00002,200000003,178501868,1.021,0.6068,1.118,0.0829,0.9816,0.1979,2754256,2510435,21777716,3181829,638538,3817961
blbp64_tuned,rubocop__rubocop-13668_w00003,200000004,107052847,0.00107,0.01398,0.4262,0.001085,0.00048,0.1539,1631261,3361281,25662991,1544247,425847,1968815
basic_btb,706.stockfish_r.sp0,200000000,139060942,0.000965,0.2149,4.868,0.01184,0.001795,0.03401,2009566,192645,15203047,1648859,4237,1653096
basic_btb,706.stockfish_r.sp1,200000003,145839104,8.5e-05,0.2094,5.571,0.00631,4e-05,0.04018,1890249,209929,15908622,1658393,11,1658390
basic_btb,706.stockfish_r.sp2,200000001,141262792,8.5e-05,0.1793,4.855,0.00791,0,0.01865,1885935,181712,15526242,1495433,0,1495426
basic_btb,707.ntest_r.sp0,200000001,111475008,5e-06,0.000175,2.187,0,0,0.02058,1193798,3554,9902725,2792298,0,2792293
basic_btb,707.ntest_r.sp1,200000004,112079273,3.5e-05,0.00024,2.33,5e-06,1e-05,0.02708,1102657,4064,8753593,2555805,10,2555832
basic_btb,707.ntest_r.sp2,200000004,113054373,5.5e-05,0.00018,0.6586,3e-05,0,0.00189,925054,2933,5627153,2141141,6,2141133
basic_btb,708.sqlite_r.sp0,200000000,174681808,1e-05,0,0.02135,5e-06,1e-05,5e-06,8394659,3043112,23399662,1147718,393457,1541175
basic_btb,708.sqlite_r.sp1,200000004,175704017,0.00261,0.5609,2.014,0.001505,0.1056,0.104,3689725,1701518,27818776,2489608,799833,3289443
basic_btb,708.sqlite_r.sp2,200000002,112884985,0.00099,0.04062,0.6083,5e-06,0.01062,0.004,4870805,2002843,30168925,1496289,528775,2025065
basic_btb,710.omnetpp_r.sp0,200000002,190092110,0.00121,0.1405,6.895,4.5e-05,0.00272,0.00172,561500,613960,44860635,778398,407807,1186205
basic_btb,710.omnetpp_r.sp2,200000003,251024587,0.8163,0.518,2.675,0.0176,1.331,1.029,2569700,1730054,21604710,3392407,2679525,6071927
basic_btb,714.cpython_r.sp0,200000004,104103481,0.00054,2.345,0.003455,0.00014,0.00032,0.000955,3561122,3085338,25261156,2806017,562356,3368371
basic_btb,714.cpython_r.sp1,200000001,102065757,0.3232,1.293,0.9699,0.08081,0,0.4847,3296169,2052009,27904125,3344642,484732,3829365
basic_btb,721.gcc_r.sp1,200000001,156495624,0.133,0.1616,4.036,0.06978,0.1006,0.2615,3000985,358968,29282270,3165607,283659,3449273
basic_btb,723.llvm_r.sp1,200000001,153745201,0.6332,0.8727,7.382,1.176,0.1372,0.5431,2945746,804418,27258443,4535660,158516,4694183
basic_btb,723.llvm_r.sp2,200000003,106563624,0.03164,0.184,0.7407,0.000365,0.0003,0.00145,1774234,978910,23664945,5607478,7958,5615436
basic_btb,727.cppcheck_r.sp1,200000004,368216692,0.02997,0.4405,0.2722,0.00611,0.03606,0.05365,2783885,1874953,38324809,4049217,97085,4146297
basic_btb,727.cppcheck_r.sp2,200000001,154120688,0.00059,0.006795,0.1781,0.00028,6.5e-05,0.00026,1633648,401871,44570339,3204586,11486,3216072
basic_btb,729.abc_r.sp0,200000003,162444024,0.000105,0.00011,11,1.5e-05,0,1.5e-05,3801460,2539,27530713,21062,0,21061
basic_btb,729.abc_r.sp2,200000004,163086105,0.00013,0.00017,8.604,7e-05,0,6.5e-05,3539197,1181,28876751,7990,0,7990
basic_btb,734.vpr_r.sp0,200000000,94485461,1e-05,0,2.192,0,0,5e-06,894270,1,42531436,561738,0,561738
basic_btb,734.vpr_r.sp1,200000003,371639775,0.1059,1.283,2.066,0.00068,1.5e-05,0.000795,2268056,2472799,31495203,3709136,31346,3740500
basic_btb,735.gem5_r.sp1,200000004,136942617,0.08124,0.5198,0.6343,0.008835,0.3346,1.113,2872711,1730192,26584635,3133383,724627,3858014
basic_btb,750.sealcrypto_r.sp0,200000000,96400824,6e-05,5e-05,0.0788,0.000245,9.5e-05,0.00026,469742,186007,2752435,929839,422,930259
basic_btb,750.sealcrypto_r.sp1,200000003,106499199,9.5e-05,9e-05,0.2464,0.00054,0.000125,0.000545,474975,196732,2769842,983448,332,983779
basic_btb,750.sealcrypto_r.sp2,200000003,99108484,0.000235,0.00016,0.00597,0.000645,0.000185,0.000675,645729,245914,3178315,1229390,478,1229873
basic_btb,753.ns3_r.sp0,200000000,123090582,0.09169,0.7858,1.128,0.2606,0.3109,0.9389,3010570,1906175,26508985,3895996,434249,4330250
basic_btb,753.ns3_r.sp1,200000003,118009756,0.08174,0.6715,0.8188,0.2234,0.2888,0.9102,3040844,1867110,26577468,3871690,433526,4305217
basic_btb,753.ns3_r.sp2,200000003,124273574,0.09684,0.8313,1.212,0.2709,0.3152,0.9373,2974476,1967050,26386261,3930813,437354,4368161
basic_btb,777.zstd_r.sp0,200000000,171361878,0.1055,0.000195,4.246,5e-06,0,3.5e-05,3549564,530,18628448,3098,105,3204
basic_btb,777.zstd_r.sp1,200000000,171045784,0.1315,4.5e-05,4.253,5e-06,0,2e-05,3789242,442,18312907,2571,89,2660
basic_btb,777.zstd_r.sp2,200000000,88722423,0.001105,4e-05,1.444,1.5e-05,0,3e-05,2582944,557,16086915,1039337,0,1039336
basic_btb,burntsushi__ripgrep-2576_w00000,200000002,190565051,0.2137,1.609,4.931,0.4692,0.3797,0.647,1343987,1136396,27843611,3288839,557725,3841712
basic_btb,burntsushi__ripgrep-2576_w00001,200000000,107366922,0.001085,1.073,0.3886,0.00141,0.01184,0.1575,1623497,3406794,25500978,1565110,481375,2045332
basic_btb,burntsushi__ripgrep-2576_w00002,200000002,115927258,1.33,0.00907,2.629,0.00553,1.322,4.191,5926582,180244,6654477,4130321,4946194,9074741
basic_btb,burntsushi__ripgrep-2576_w00003,200000004,913022864,0.1501,0.357,5.12,0.00155,1.59,0.6621,526475,566074,38138986,619449,6370174,6988341
basic_btb,gin-gonic__gin-3820_w00000,200000000,191098456,0.2105,1.622,4.88,0.4612,0.3815,0.6445,1338495,1143929,27723101,3293245,558601,3848768
basic_btb,gin-gonic__gin-3820_w00001,200000000,157673342,0.4756,0.2571,4.457,0.4873,1.978,1.276,4178037,101998,29160226,3192418,1123607,4269760
basic_btb,gin-gonic__gin-3820_w00002,200000002,141749214,0.2967,0.08717,2.181,0.3633,0.6767,1.159,3313961,32574,24719586,4147969,505196,4568267
basic_btb,gin-gonic__gin-3820_w00003,200000003,113710204,0.02366,1.888,1.342,0.02903,0.2057,0.3125,1814411,1808307,29621373,2061826,815715,2875997
basic_btb,immutable-js__immutable-js-2006_w00000,200000001,190228524,0.2099,1.618,4.875,0.4569,0.3787,0.6431,1339278,1142911,27805302,3292901,557444,3846223
basic_btb,immutable-js__immutable-js-2006_w00001,200000004,183888218,0.1963,0.445,4.269,0.1867,0.5294,0.6163,2686077,338249,25535956,3902266,371430,4188045
basic_btb,immutable-js__immutable-js-2006_w00002,200000001,134627546,0.2699,0.1901,1.969,0.3165,0.2888,0.7593,2858426,255677,26416035,3790684,212291,3916686
basic_btb,immutable-js__immutable-js-2006_w00003,200000001,180121416,0.2706,0.389,4.259,0.3197,0.6732,0.6617,2569447,302220,24980435,3959046,442033,4323140
basic_btb,prometheus__prometheus-15142.toolchain_w00000,200000001,125787255,0.224,0.002775,1.904,0.3905,0.0198,1.178,2868742,2270,22503194,4834927,38986,4626546
basic_btb,prometheus__prometheus-15142.toolchain_w00001,200000001,154593418,0.164,0.1848,1.783,0.1167,0.102,0.9518,3980965,95753,28286161,4359730,293841,4610203
basic_btb,prometheus__prometheus-15142.toolchain_w00002,200000003,194630021,0.07884,0.06347,2.253,0.0512,0.02461,0.4428,3728454,31887,26660963,3827968,97209,3886354
basic_btb,prometheus__prometheus-15142.toolchain_w00003,200000004,140791543,0.04984,0.001075,2.066,0.02495,0.00202,0.2532,3598611,327,23428527,3398205,553421,3910205
basic_btb,prometheus__prometheus-15142_w00000,200000001,190309874,0.2087,1.614,4.882,0.4527,0.3783,0.6394,1340903,1143558,27745991,3291834,557532,3845464
basic_btb,prometheus__prometheus-15142_w00001,200000003,108157256,0.02631,2.91,0.3023,0.02675,0.235,0.1446,1046412,2182114,28024060,2909155,455798,3364961
basic_btb,prometheus__prometheus-15142_w00002,200000001,101919015,0.02617,2.951,0.25,0.02617,0.2348,0.1449,1070720,2203886,27907817,2934955,459155,3394114
basic_btb,prometheus__prometheus-15142_w00003,200000002,151910308,0.04954,0.4512,0.9104,0.03613,0.01715,0.3466,2343677,1225186,28248278,3185489,218378,3357383
basic_btb,redis__redis-13115.toolchain_w00000,200000000,176368562,0.2,0.09427,2.326,0.4219,0.04299,0.6066,1422550,258905,18214206,3370174,42561,3385912
basic_btb,redis__redis-13115.toolchain_w00001,200000001,178116701,0.08347,0.004695,0.7911,0.01265,0.001435,0.09647,4886927,681089,25554129,5449207,29448,5463099
basic_btb,redis__redis-13115.toolchain_w00002,200000000,87615507,0.01455,0.02049,0.6025,0.01455,0.00283,0.4152,3616939,956157,22183585,4982184,358492,5322826
basic_btb,redis__redis-13115.toolchain_w00003,200000001,82229217,0.055,0.3695,0.9501,0.06681,0.1296,0.4379,1502885,981476,29529519,4711492,95642,4768950
basic_btb,redis__redis-13115_w00000,200000004,191217697,0.2122,1.618,4.923,0.4657,0.3813,0.645,1340333,1141333,27784682,3285943,558221,3840586
basic_btb,redis__redis-13115_w00001,200000002,171242145,0.2593,0.3145,3.998,0.384,0.09277,0.8875,1646708,388827,28178062,3808992,115125,3839799
basic_btb,redis__redis-13115_w00002,200000001,166584534,0.3223,0.3579,5.699,0.5172,0.1327,0.9505,1642019,375212,28127382,3747887,165628,3843751
basic_btb,redis__redis-13115_w00003,200000000,532529484,1.099,0.5613,3.504,0.1167,1.283,0.1814,2239988,1294762,33730624,2627001,1399561,4025098
basic_btb,rubocop__rubocop-13668.toolchain_w00000,200000001,149423814,0.238,0.9552,2.959,0.2824,0.08073,0.3867,2330790,695381,23209522,3894479,358147,4251023
basic_btb,rubocop__rubocop-13668.toolchain_w00001,200000000,143143252,0.2052,1.431,2.968,0.1651,0.1288,0.2915,2560167,842900,25945846,3752199,533075,4285220
basic_btb,rubocop__rubocop-13668.toolchain_w00002,200000004,133783428,0.02513,1.771,1.512,0.03583,0.01012,0.229,2856849,853940,26973105,3826115,669375,4495487
basic_btb,rubocop__rubocop-13668.toolchain_w00003,200000004,198068468,1.136,4.49,1.185,0.1272,1.166,0.2523,2621483,2460040,21875057,3438100,454029,3889525
basic_btb,rubocop__rubocop-13668_w00000,200000001,191450724,0.2132,1.636,4.889,0.4659,0.3787,0.6492,1337631,1151645,27665919,3291849,550778,3839149
basic_btb,rubocop__rubocop-13668_w00001,200000000,126500770,1.211,2.917,0.8057,0.04303,1.289,0.1127,2936479,3009905,22173962,2359426,421710,2779302
basic_btb,rubocop__rubocop-13668_w00002,200000003,183550189,1.021,2.5,1.118,0.0829,1.043,0.1979,2754256,2510435,21777716,3181829,638538,3817961
basic_btb,rubocop__rubocop-13668_w00003,200000004,111650739,0.00107,1.072,0.4262,0.001085,0.01018,0.1539,1631260,3361276,25662978,1544247,425847,1968815
blbp64_untuned,706.stockfish_r.sp0,200000000,138795922,0.000965,0.1191,4.868,0.01184,0.00014,0.03401,2009566,192645,15203047,1648859,4237,1653096
blbp64_untuned,706.stockfish_r.sp1,200000003,145739277,8.5e-05,0.1732,5.571,0.00631,5e-06,0.04018,1890249,209929,15908622,1658393,11,1658390
blbp64_untuned,706.stockfish_r.sp2,200000000,141199485,8.5e-05,0.1513,4.855,0.00791,0,0.01865,1885935,181712,15526242,1495433,0,1495426
blbp64_untuned,707.ntest_r.sp0,200000001,111475008,5e-06,0,2.187,0,0,0.02058,1193798,3554,9902725,2792298,0,2792293
blbp64_untuned,707.ntest_r.sp1,200000004,112078293,3.5e-05,0,2.33,5e-06,0,0.02708,1102657,4064,8753593,2555805,10,2555832
blbp64_untuned,707.ntest_r.sp2,200000004,113051793,5.5e-05,0,0.6586,3e-05,0,0.00189,925054,2933,5627153,2141141,6,2141133
blbp64_untuned,708.sqlite_r.sp0,200000000,174681878,1e-05,5e-06,0.02135,5e-06,0,5e-06,8394659,3043112,23399662,1147718,393457,1541175
blbp64_untuned,708.sqlite_r.sp1,200000004,171758657,0.00261,0.01055,2.014,0.001505,0.00037,0.104,3689725,1701518,27818776,2489608,799833,3289443
blbp64_untuned,708.sqlite_r.sp2,200000002,112654191,0.00099,0.01377,0.6083,5e-06,0,0.004,4870805,2002843,30168925,1496289,528775,2025065
blbp64_untuned,710.omnetpp_r.sp0,200000002,189741636,0.00121,0,6.895,4.5e-05,0.000315,0.00172,561500,613960,44860635,778398,407807,1186205
blbp64_untuned,710.omnetpp_r.sp2,200000003,245384049,0.8163,0.00022,2.675,0.0176,0.8089,1.029,2569700,1730054,21604710,3392407,2679525,6071927
blbp64_untuned,714.cpython_r.sp0,200000004,94959651,0.00054,0.00059,0.003455,0.00014,0.00014,0.000955,3561122,3085338,25261156,2806017,562356,3368371
blbp64_untuned,714.cpython_r.sp1,200000001,96966986,0.3232,3e-05,0.9699,0.08081,0,0.4847,3296169,2052009,27904125,3344642,484732,3829365
blbp64_untuned,721.gcc_r.sp1,200000001,155636241,0.133,0.05405,4.036,0.06978,0.04925,0.2615,3000985,358968,29282270,3165607,283659,3449273
blbp64_untuned,723.llvm_r.sp1,200000001,150854596,0.6332,0.3477,7.382,1.176,0.09218,0.5431,2945746,804418,27258443,4535660,158516,4694183
blbp64_untuned,723.llvm_r.sp2,200000003,106045599,0.03164,0.06848,0.7407,0.000365,1.5e-05,0.00145,1774234,978910,23664945,5607478,7958,5615436
blbp64_untuned,727.cppcheck_r.sp1,200000004,365479696,0.02997,0.000985,0.2722,0.00611,0.000745,0.05365,2783886,1874956,38324849,4049222,97085,4146302
blbp64_untuned,727.cppcheck_r.sp2,200000001,154072718,0.00059,1.5e-05,0.1781,0.00028,5e-06,0.00026,1633648,401871,44570339,3204586,11486,3216072
blbp64_untuned,729.abc_r.sp0,200000003,162444024,0.000105,0,11,1.5e-05,0,1.5e-05,3801460,2539,27530713,21062,0,21061
blbp64_untuned,729.abc_r.sp2,200000004,163085895,0.00013,1.5e-05,8.604,7e-05,0,6.5e-05,3539197,1181,28876751,7990,0,7990
blbp64_untuned,734.vpr_r.sp0,200000000,94485461,1e-05,0,2.192,0,0,5e-06,894270,1,42531436,561738,0,561738
blbp64_untuned,734.vpr_r.sp1,200000003,367616555,0.1059,0.00476,2.066,0.00068,1.5e-05,0.000795,2268056,2472799,31495203,3709136,31346,3740500
blbp64_untuned,735.gem5_r.sp1,200000004,132957580,0.08124,0.00174,0.6343,0.008835,0.08904,1.113,2872711,1730192,26584635,3133383,724627,3858014
blbp64_untuned,750.sealcrypto_r.sp0,200000000,96359493,6e-05,1e-05,0.0788,0.000245,3e-05,0.00026,469742,186007,2752435,929839,422,930259
blbp64_untuned,750.sealcrypto_r.sp1,200000003,106499209,9.5e-05,1e-05,0.2464,0.00054,5e-05,0.000545,474975,196732,2769842,983448,332,983779
blbp64_untuned,750.sealcrypto_r.sp2,200000003,99129814,0.000235,4e-05,0.00597,0.000645,5.5e-05,0.000675,645729,245914,3178315,1229390,478,1229873
blbp64_untuned,753.ns3_r.sp0,200000004,118613764,0.09168,0.03658,1.128,0.2606,0.0581,0.9389,3010574,1906176,26509000,3895999,434251,4330254
blbp64_untuned,753.ns3_r.sp1,200000003,113989696,0.08174,0.02215,0.8188,0.2234,0.04602,0.9102,3040844,1867110,26577468,3871690,433526,4305217
blbp64_untuned,753.ns3_r.sp2,200000003,119797534,0.09684,0.03498,1.212,0.2709,0.06037,0.9373,2974476,1967050,26386261,3930813,437354,4368161
blbp64_untuned,777.zstd_r.sp0,200000000,171361878,0.1055,0.000125,4.246,5e-06,0,3.5e-05,3549564,530,18628448,3098,105,3204
blbp64_untuned,777.zstd_r.sp1,200000000,171045784,0.1315,0,4.253,5e-06,0,2e-05,3789242,442,18312907,2571,89,2660
blbp64_untuned,777.zstd_r.sp2,200000000,88722423,0.001105,0,1.444,1.5e-05,0,3e-05,2582944,557,16086915,1039337,0,1039336
blbp64_untuned,burntsushi__ripgrep-2576_w00000,200000002,188488742,0.2137,1.135,4.931,0.4692,0.3232,0.647,1343987,1136396,27843611,3288839,557725,3841712
blbp64_untuned,burntsushi__ripgrep-2576_w00001,200000000,103283780,0.001085,0.01628,0.3886,0.00141,0.000805,0.1575,1623497,3406794,25500978,1565110,481375,2045332
blbp64_untuned,burntsushi__ripgrep-2576_w00002,200000002,113920550,1.33,0.00255,2.629,0.00553,0.6297,4.191,5926582,180244,6654477,4130321,4946194,9074741
blbp64_untuned,burntsushi__ripgrep-2576_w00003,200000004,913712479,0.1501,0.2724,5.12,0.00155,1.82,0.6621,526475,566074,38138986,619449,6370174,6988341
blbp64_untuned,gin-gonic__gin-3820_w00000,200000000,188949872,0.2105,1.143,4.88,0.4612,0.3241,0.6445,1338495,1143929,27723101,3293245,558601,3848768
blbp64_untuned,gin-gonic__gin-3820_w00001,200000000,152907723,0.4756,0.1016,4.457,0.4873,0.9583,1.276,4178037,101998,29160226,3192418,1123607,4269760
blbp64_untuned,gin-gonic__gin-3820_w00002,200000000,140688131,0.2967,0.03324,2.181,0.3633,0.482,1.159,3313961,32574,24719586,4147969,505196,4568267
blbp64_untuned,gin-gonic__gin-3820_w00003,200000003,107634295,0.02366,0.1838,1.342,0.02903,0.02878,0.3125,1814411,1808307,29621373,2061826,815715,2875997
blbp64_untuned,immutable-js__immutable-js-2006_w00000,200000000,188123282,0.2099,1.135,4.875,0.4569,0.3198,0.6431,1339278,1142914,27805321,3292905,557445,3846226
blbp64_untuned,immutable-js__immutable-js-2006_w00001,200000004,181277418,0.1963,0.308,4.269,0.1867,0.1747,0.6163,2686077,338249,25535956,3902266,371430,4188045
blbp64_untuned,immutable-js__immutable-js-2006_w00002,200000001,133571756,0.2699,0.1466,1.969,0.3165,0.1246,0.7593,2858426,255677,26416035,3790684,212291,3916686
blbp64_untuned,immutable-js__immutable-js-2006_w00003,200000001,176950979,0.2706,0.2553,4.259,0.3197,0.2124,0.6617,2569447,302220,24980435,3959046,442033,4323140
blbp64_untuned,prometheus__prometheus-15142.toolchain_w00000,200000001,125775351,0.224,0.00232,1.904,0.3905,0.01455,1.178,2868742,2270,22503194,4834927,38986,4626546
blbp64_untuned,prometheus__prometheus-15142.toolchain_w00001,200000001,153557273,0.164,0.03737,1.783,0.1167,0.04693,0.9518,3980965,95753,28286161,4359730,293841,4610203
blbp64_untuned,prometheus__prometheus-15142.toolchain_w00002,200000003,194237671,0.07884,0.008605,2.253,0.0512,0.009345,0.4428,3728454,31887,26660963,3827968,97209,3886354
blbp64_untuned,prometheus__prometheus-15142.toolchain_w00003,200000004,140755698,0.04984,0.00058,2.066,0.02495,0.00037,0.2532,3598611,327,23428527,3398205,553421,3910205
blbp64_untuned,prometheus__prometheus-15142_w00000,200000001,188242483,0.2087,1.129,4.882,0.4527,0.3207,0.6394,1340903,1143558,27745991,3291834,557532,3845464
blbp64_untuned,prometheus__prometheus-15142_w00001,200000003,99690329,0.02631,0.1121,0.3023,0.02675,0.01811,0.1446,1046412,2182114,28024063,2909155,455798,3364961
blbp64_untuned,prometheus__prometheus-15142_w00002,200000001,93276111,0.02617,0.08864,0.25,0.02617,0.01551,0.1449,1070720,2203888,27907843,2934958,459156,3394118
blbp64_untuned,prometheus__prometheus-15142_w00003,200000002,150910623,0.04954,0.1592,0.9104,0.03613,0.00952,0.3466,2343677,1225186,28248278,3185489,218378,3357383
blbp64_untuned,redis__redis-13115.toolchain_w00000,200000000,176004374,0.2,0.02996,2.326,0.4219,0.01371,0.6066,1422550,258905,18214206,3370174,42561,3385912
blbp64_untuned,redis__redis-13115.toolchain_w00001,200000001,178066001,0.08347,0.000275,0.7911,0.01265,0.00012,0.09647,4886927,681089,25554129,5449207,29448,5463099
blbp64_untuned,redis__redis-13115.toolchain_w00002,200000000,87510375,0.01455,0.00322,0.6025,0.01455,0.00065,0.4152,3616939,956157,22183585,4982184,358492,5322826
blbp64_untuned,redis__redis-13115.toolchain_w00003,200000001,79947543,0.055,0.004405,0.9501,0.06681,0.00247,0.4379,1502885,981476,29529519,4711492,95642,4768950
blbp64_untuned,redis__redis-13115_w00000,200000004,189096932,0.2122,1.14,4.923,0.4657,0.3232,0.645,1340333,1141333,27784682,3285943,558221,3840586
blbp64_untuned,redis__redis-13115_w00001,200000002,170353330,0.2593,0.1911,3.998,0.384,0.06724,0.8875,1646708,388827,28178062,3808992,115125,3839799
blbp64_untuned,redis__redis-13115_w00002,200000001,165750232,0.3223,0.2162,5.699,0.5172,0.09948,0.9505,1642019,375212,28127382,3747887,165628,3843751
blbp64_untuned,redis__redis-13115_w00003,200000000,529853004,1.099,0.4354,3.504,0.1167,1.236,0.1814,2239988,1294762,33730624,2627001,1399561,4025098
blbp64_untuned,rubocop__rubocop-13668.toolchain_w00000,200000001,147140657,0.238,0.4103,2.959,0.2824,0.06683,0.3867,2330790,695381,23209522,3894479,358147,4251023
blbp64_untuned,rubocop__rubocop-13668.toolchain_w00001,200000000,139575047,0.2052,0.5928,2.968,0.1651,0.1093,0.2915,2560167,842900,25945846,3752199,533075,4285220
blbp64_untuned,rubocop__rubocop-13668.toolchain_w00002,200000004,127422505,0.02513,0.2662,1.512,0.03583,0.006375,0.229,2856849,853940,26973105,3826115,669375,4495487
blbp64_untuned,rubocop__rubocop-13668.toolchain_w00003,200000004,192726546,1.136,1.942,1.185,0.1272,1.13,0.2523,2621483,2460040,21875057,3438100,454029,3889525
blbp64_untuned,rubocop__rubocop-13668_w00000,200000001,189267227,0.2132,1.151,4.889,0.4659,0.3198,0.6492,1337631,1151645,27665919,3291849,550778,3839149
blbp64_untuned,rubocop__rubocop-13668_w00001,200000000,119071066,1.211,0.236,0.8057,0.04303,1.191,0.1127,2936479,3009905,22173962,2359426,421710,2779302
blbp64_untuned,rubocop__rubocop-13668_w00002,200000003,178926181,1.021,0.7248,1.118,0.0829,0.9924,0.1979,2754256,2510435,21777716,3181829,638538,3817961
blbp64_untuned,rubocop__rubocop-13668_w00003,200000004,107064823,0.00107,0.0161,0.4262,0.001085,0.00037,0.1539,1631261,3361281,25662991,1544247,425847,1968815
ittage64,706.stockfish_r.sp0,200000000,138572392,0.000965,0.07372,4.868,0.01184,0.000115,0.03401,2009566,192645,15203047,1648859,4237,1653096
ittage64,706.stockfish_r.sp1,200000003,145430257,8.5e-05,0.08585,5.571,0.00631,5e-06,0.04018,1890249,209929,15908622,1658393,11,1658390
ittage64,706.stockfish_r.sp2,200000001,140920997,8.5e-05,0.08349,4.855,0.00791,0,0.01865,1885935,181712,15526242,1495433,0,1495426
ittage64,707.ntest_r.sp0,200000001,111475008,5e-06,0,2.187,0,0,0.02058,1193798,3554,9902725,2792298,0,2792293
ittage64,707.ntest_r.sp1,200000004,112078343,3.5e-05,0,2.33,5e-06,0,0.02708,1102657,4064,8753593,2555805,10,2555832
ittage64,707.ntest_r.sp2,200000004,113051793,5.5e-05,5e-06,0.6586,3e-05,0,0.00189,925054,2933,5627153,2141141,6,2141133
ittage64,708.sqlite_r.sp0,200000000,174681678,1e-05,1e-05,0.02135,5e-06,0,5e-06,8394659,3043112,23399662,1147718,393457,1541175
ittage64,708.sqlite_r.sp1,200000004,171699662,0.00261,0.000675,2.014,0.001505,0.00033,0.104,3689725,1701518,27818776,2489608,799833,3289443
ittage64,708.sqlite_r.sp2,200000002,112654230,0.00099,0.01357,0.6083,5e-06,0,0.004,4870805,2002843,30168925,1496289,528775,2025065
ittage64,710.omnetpp_r.sp0,200000002,189768466,0.00121,8e-05,6.895,4.5e-05,0.000405,0.00172,561500,613960,44860635,778398,407807,1186205
ittage64,710.omnetpp_r.sp2,200000003,245383989,0.8163,0.002555,2.675,0.0176,0.8081,1.029,2569700,1730054,21604710,3392407,2679525,6071927
ittage64,714.cpython_r.sp0,200000004,94959651,0.00054,0.000495,0.003455,0.00014,0.00014,0.000955,3561122,3085338,25261156,2806017,562356,3368371
ittage64,714.cpython_r.sp1,200000001,96966986,0.3232,2e-05,0.9699,0.08081,0,0.4847,3296169,2052009,27904125,3344642,484732,3829365
ittage64,721.gcc_r.sp1,200000001,155649196,0.133,0.05529,4.036,0.06978,0.04739,0.2615,3000985,358968,29282270,3165607,283659,3449273
ittage64,723.llvm_r.sp1,200000001,150121534,0.6332,0.2684,7.382,1.176,0.05703,0.5431,2945746,804418,27258443,4535660,158516,4694183
ittage64,723.llvm_r.sp2,200000003,106025489,0.03164,0.05951,0.7407,0.000365,5e-06,0.00145,1774234,978910,23664945,5607478,7958,5615436
ittage64,727.cppcheck_r.sp1,200000004,365455726,0.02997,0.00084,0.2722,0.00611,0.00099,0.05365,2783886,1874956,38324849,4049222,97085,4146302
ittage64,727.cppcheck_r.sp2,200000001,154072718,0.00059,4e-05,0.1781,0.00028,5e-06,0.00026,1633648,401871,44570339,3204586,11486,3216072
ittage64,729.abc_r.sp0,200000003,162444024,0.000105,0,11,1.5e-05,0,1.5e-05,3801460,2539,27530713,21062,0,21061
ittage64,729.abc_r.sp2,200000004,163085895,0.00013,1.5e-05,8.604,7e-05,0,6.5e-05,3539197,1181,28876751,7990,0,7990
ittage64,734.vpr_r.sp0,200000000,94485461,1e-05,0,2.192,0,0,5e-06,894270,1,42531436,561738,0,561738
ittage64,734.vpr_r.sp1,200000003,367676580,0.1059,0.03468,2.066,0.00068,1.5e-05,0.000795,2268056,2472799,31495203,3709136,31346,3740500
ittage64,735.gem5_r.sp1,200000004,133227158,0.08124,0.004315,0.6343,0.008835,0.115,1.113,2872711,1730192,26584635,3133383,724627,3858014
ittage64,750.sealcrypto_r.sp0,200000000,96359493,6e-05,1e-05,0.0788,0.000245,3e-05,0.00026,469742,186007,2752435,929839,422,930259
ittage64,750.sealcrypto_r.sp1,200000003,106499209,9.5e-05,1e-05,0.2464,0.00054,5e-05,0.000545,474975,196732,2769842,983448,332,983779
ittage64,750.sealcrypto_r.sp2,200000003,99129814,0.000235,4.5e-05,0.00597,0.000645,5.5e-05,0.000675,645729,245914,3178315,1229390,478,1229873
ittage64,753.ns3_r.sp0,200000004,118615788,0.09168,0.03189,1.128,0.2606,0.06413,0.9389,3010574,1906176,26509000,3895999,434251,4330254
ittage64,753.ns3_r.sp1,200000003,114073330,0.08174,0.02781,0.8188,0.2234,0.0578,0.9102,3040844,1867110,26577468,3871690,433526,4305217
ittage64,753.ns3_r.sp2,200000003,119782336,0.09684,0.02751,1.212,0.2709,0.0655,0.9373,2974476,1967050,26386261,3930813,437354,4368161
ittage64,777.zstd_r.sp0,200000000,171361878,0.1055,0.000105,4.246,5e-06,0,3.5e-05,3549564,530,18628448,3098,105,3204
ittage64,777.zstd_r.sp1,200000000,171045784,0.1315,0,4.253,5e-06,0,2e-05,3789242,442,18312907,2571,89,2660
ittage64,777.zstd_r.sp2,200000000,88722423,0.001105,0,1.444,1.5e-05,0,3e-05,2582944,557,16086915,1039337,0,1039336
ittage64,burntsushi__ripgrep-2576_w00000,200000002,185447396,0.2137,0.5542,4.931,0.4692,0.161,0.647,1343987,1136396,27843611,3288839,557725,3841712
ittage64,burntsushi__ripgrep-2576_w00001,200000000,103922532,0.001085,0.1717,0.3886,0.00141,0.001055,0.1575,1623497,3406794,25500978,1565110,481375,2045332
ittage64,burntsushi__ripgrep-2576_w00002,200000002,113930361,1.33,0.00502,2.629,0.00553,0.63,4.191,5926582,180244,6654477,4130321,4946194,9074741
ittage64,burntsushi__ripgrep-2576_w00003,200000004,905500379,0.1501,0.1387,5.12,0.00155,1.042,0.6621,526475,566074,38138986,619449,6370174,6988341
ittage64,gin-gonic__gin-3820_w00000,200000000,185911149,0.2105,0.5546,4.88,0.4612,0.1618,0.6445,1338495,1143929,27723101,3293245,558601,3848768
ittage64,gin-gonic__gin-3820_w00001,200000000,149713061,0.4756,0.07609,4.457,0.4873,0.2527,1.276,4178037,101998,29160226,3192418,1123607,4269760
ittage64,gin-gonic__gin-3820_w00002,200000002,139502626,0.2967,0.03031,2.181,0.3633,0.196,1.159,3313961,32574,24719586,4147969,505196,4568267
ittage64,gin-gonic__gin-3820_w00003,200000003,107489577,0.02366,0.1664,1.342,0.02903,0.01849,0.3125,1814411,1808307,29621373,2061826,815715,2875997
ittage64,immutable-js__immutable-js-2006_w00000,200000000,185043554,0.2099,0.5537,4.875,0.4569,0.161,0.6431,1339278,1142914,27805321,3292905,557445,3846226
ittage64,immutable-js__immutable-js-2006_w00001,200000004,179834737,0.1963,0.1556,4.269,0.1867,0.108,0.6163,2686077,338249,25535956,3902266,371430,4188045
ittage64,immutable-js__immutable-js-2006_w00002,200000001,132441052,0.2699,0.05947,1.969,0.3165,0.1044,0.7593,2858426,255677,26416035,3790684,212291,3916686
ittage64,immutable-js__immutable-js-2006_w00003,200000001,175539529,0.2706,0.1568,4.259,0.3197,0.1252,0.6617,2569447,302220,24980435,3959046,442033,4323140
ittage64,prometheus__prometheus-15142.toolchain_w00000,200000001,125751351,0.224,0.00196,1.904,0.3905,0.01314,1.178,2868742,2270,22503194,4834927,38986,4626546
ittage64,prometheus__prometheus-15142.toolchain_w00001,200000001,153510523,0.164,0.04427,1.783,0.1167,0.0324,0.9518,3980965,95753,28286161,4359730,293841,4610203
ittage64,prometheus__prometheus-15142.toolchain_w00002,200000003,194261671,0.07884,0.01172,2.253,0.0512,0.0078,0.4428,3728454,31887,26660963,3827968,97209,3886354
ittage64,prometheus__prometheus-15142.toolchain_w00003,200000004,140731668,0.04984,0.00061,2.066,0.02495,0.00069,0.2532,3598611,327,23428527,3398205,553421,3910205
ittage64,prometheus__prometheus-15142_w00000,200000001,185149144,0.2087,0.5554,4.882,0.4527,0.1575,0.6394,1340903,1143558,27745991,3291834,557532,3845464
ittage64,prometheus__prometheus-15142_w00001,200000003,99702344,0.02631,0.1783,0.3023,0.02675,0.01665,0.1446,1046412,2182114,28024063,2909155,455798,3364961
ittage64,prometheus__prometheus-15142_w00002,200000001,93358995,0.02617,0.174,0.25,0.02617,0.0151,0.1449,1070720,2203888,27907843,2934958,459156,3394118
ittage64,prometheus__prometheus-15142_w00003,200000002,150498478,0.04954,0.1083,0.9104,0.03613,0.005615,0.3466,2343677,1225186,28248278,3185489,218378,3357383
ittage64,redis__redis-13115.toolchain_w00000,200000000,175989942,0.2,0.02603,2.326,0.4219,0.01256,0.6066,1422550,258905,18214206,3370174,42561,3385912
ittage64,redis__redis-13115.toolchain_w00001,200000001,178066031,0.08347,0.000595,0.7911,0.01265,8e-05,0.09647,4886927,681089,25554129,5449207,29448,5463099
ittage64,redis__redis-13115.toolchain_w00002,200000000,87529050,0.01455,0.00481,0.6025,0.01455,0.000605,0.4152,3616939,956157,22183585,4982184,358492,5322826
ittage64,redis__redis-13115.toolchain_w00003,200000001,79948374,0.055,0.00478,0.9501,0.06681,0.00209,0.4379,1502885,981476,29529519,4711492,95642,4768950
ittage64,redis__redis-13115_w00000,200000004,186047852,0.2122,0.5526,4.923,0.4657,0.1585,0.645,1340333,1141333,27784682,3285943,558221,3840586
ittage64,redis__redis-13115_w00001,200000002,170074587,0.2593,0.101,3.998,0.384,0.05507,0.8875,1646708,388827,28178062,3808992,115125,3839799
ittage64,redis__redis-13115_w00002,200000001,165327674,0.3223,0.1337,5.699,0.5172,0.08136,0.9505,1642019,375212,28127382,3747887,165628,3843751
ittage64,redis__redis-13115_w00003,200000000,526792739,1.099,0.1275,3.504,0.1167,1.177,0.1814,2239988,1294762,33730624,2627001,1399561,4025098
ittage64,rubocop__rubocop-13668.toolchain_w00000,200000001,146813178,0.238,0.3549,2.959,0.2824,0.05627,0.3867,2330790,695381,23209522,3894479,358147,4251023
ittage64,rubocop__rubocop-13668.toolchain_w00001,200000000,138932742,0.2052,0.4555,2.968,0.1651,0.09528,0.2915,2560167,842900,25945846,3752199,533075,4285220
ittage64,rubocop__rubocop-13668.toolchain_w00002,200000004,127787074,0.02513,0.382,1.512,0.03583,0.00309,0.229,2856849,853940,26973105,3826115,669375,4495487
ittage64,rubocop__rubocop-13668.toolchain_w00003,200000004,188253581,1.136,0.8157,1.185,0.1272,1.049,0.2523,2621483,2460040,21875057,3438100,454029,3889525
ittage64,rubocop__rubocop-13668_w00000,200000001,186224210,0.2132,0.5651,4.889,0.4659,0.1552,0.6492,1337631,1151645,27665919,3291849,550778,3839149
ittage64,rubocop__rubocop-13668_w00001,200000000,119102369,1.211,0.2181,0.8057,0.04303,1.184,0.1127,2936479,3009905,22173962,2359426,421710,2779302
ittage64,rubocop__rubocop-13668_w00002,200000003,177818717,1.021,0.4536,1.118,0.0829,0.9731,0.1979,2754256,2510435,21777716,3181829,638538,3817961
ittage64,rubocop__rubocop-13668_w00003,200000004,107638833,0.00107,0.1717,0.4262,0.001085,0.000485,0.1539,1631261,3361281,25662991,1544247,425847,1968815
perfind,706.stockfish_r.sp0,200000000,138298232,0.000965,0.00026,4.868,0.01184,6e-05,0.03401,2009566,192645,15203047,1648859,4237,1653096
perfind,706.stockfish_r.sp1,200000003,145079277,8.5e-05,0,5.571,0.00631,5e-06,0.04018,1890249,209929,15908622,1658393,11,1658390
perfind,706.stockfish_r.sp2,200000001,140635334,8.5e-05,0,4.855,0.00791,0,0.01865,1885935,181712,15526242,1495433,0,1495426
perfind,707.ntest_r.sp0,200000001,111475008,5e-06,0,2.187,0,0,0.02058,1193798,3554,9902725,2792298,0,2792293
perfind,707.ntest_r.sp1,200000004,112078293,3.5e-05,0,2.33,5e-06,0,0.02708,1102657,4064,8753593,2555805,10,2555832
perfind,707.ntest_r.sp2,200000004,113051793,5.5e-05,0,0.6586,3e-05,0,0.00189,925054,2933,5627153,2141141,6,2141133
perfind,708.sqlite_r.sp0,200000000,174682358,1e-05,0,0.02135,5e-06,0,5e-06,8394659,3043112,23399662,1147718,393457,1541175
perfind,708.sqlite_r.sp1,200000004,171663542,0.00261,0.000135,2.014,0.001505,0.0001,0.104,3689725,1701518,27818776,2489608,799833,3289443
perfind,708.sqlite_r.sp2,200000002,112591157,0.00099,0,0.6083,5e-06,0,0.004,4870805,2002843,30168925,1496289,528775,2025065
perfind,710.omnetpp_r.sp0,200000002,189741636,0.00121,0,6.895,4.5e-05,0.000315,0.00172,561500,613960,44860635,778398,407807,1186205
perfind,710.omnetpp_r.sp2,200000003,245155958,0.8163,0,2.675,0.0176,0.7986,1.029,2569700,1730054,21604710,3392407,2679525,6071927
perfind,714.cpython_r.sp0,200000004,94960121,0.00054,1.5e-05,0.003455,0.00014,0.00014,0.000955,3561122,3085338,25261156,2806017,562356,3368371
perfind,714.cpython_r.sp1,200000001,96966944,0.3232,1.5e-05,0.9699,0.08081,0,0.4847,3296169,2052009,27904125,3344642,484732,3829365
perfind,721.gcc_r.sp1,200000001,155172232,0.133,0.00215,4.036,0.06978,0.025,0.2615,3000985,358968,29282270,3165607,283659,3449273
perfind,723.llvm_r.sp1,200000001,148342931,0.6332,0.02479,7.382,1.176,0.0395,0.5431,2945746,804418,27258443,4535660,158516,4694183
perfind,723.llvm_r.sp2,200000003,105796719,0.03164,0,0.7407,0.000365,0,0.00145,1774234,978910,23664945,5607478,7958,5615436
perfind,727.cppcheck_r.sp1,200000004,365455696,0.02997,0.000165,0.2722,0.00611,0.00043,0.05365,2783886,1874956,38324849,4049222,97085,4146302
perfind,727.cppcheck_r.sp2,200000001,154072718,0.00059,1e-05,0.1781,0.00028,5e-06,0.00026,1633648,401871,44570339,3204586,11486,3216072
perfind,729.abc_r.sp0,200000003,162444024,0.000105,0,11,1.5e-05,0,1.5e-05,3801460,2539,27530713,21062,0,21061
perfind,729.abc_r.sp2,200000004,163085895,0.00013,1.5e-05,8.604,7e-05,0,6.5e-05,3539197,1181,28876751,7990,0,7990
perfind,734.vpr_r.sp0,200000000,94485461,1e-05,0,2.192,0,0,5e-06,894270,1,42531436,561738,0,561738
perfind,734.vpr_r.sp1,200000003,367592540,0.1059,0.000155,2.066,0.00068,1.5e-05,0.000795,2268056,2472799,31495203,3709136,31346,3740500
perfind,735.gem5_r.sp1,200000004,132851800,0.08124,0.00034,0.6343,0.008835,0.0796,1.113,2872711,1730192,26584635,3133383,724627,3858014
perfind,750.sealcrypto_r.sp0,200000000,96359493,6e-05,1e-05,0.0788,0.000245,3e-05,0.00026,469742,186007,2752435,929839,422,930259
perfind,750.sealcrypto_r.sp1,200000003,106499209,9.5e-05,1e-05,0.2464,0.00054,5e-05,0.000545,474975,196732,2769842,983448,332,983779
perfind,750.sealcrypto_r.sp2,200000003,99129814,0.000235,4e-05,0.00597,0.000645,5.5e-05,0.000675,645729,245914,3178315,1229390,478,1229873
perfind,753.ns3_r.sp0,200000004,118351516,0.09168,0.005565,1.128,0.2606,0.04255,0.9389,3010574,1906176,26509000,3895999,434251,4330254
perfind,753.ns3_r.sp1,200000003,113826448,0.08174,0.004845,0.8188,0.2234,0.03723,0.9102,3040844,1867110,26577468,3871690,433526,4305217
perfind,753.ns3_r.sp2,200000003,119536391,0.09684,0.00518,1.212,0.2709,0.04394,0.9373,2974476,1967050,26386261,3930813,437354,4368161
perfind,777.zstd_r.sp0,200000000,171361878,0.1055,0,4.246,5e-06,0,3.5e-05,3549564,530,18628448,3098,105,3204
perfind,777.zstd_r.sp1,200000000,171045784,0.1315,0,4.253,5e-06,0,2e-05,3789242,442,18312907,2571,89,2660
perfind,777.zstd_r.sp2,200000000,88722423,0.001105,0,1.444,1.5e-05,0,3e-05,2582944,557,16086915,1039337,0,1039336
perfind,burntsushi__ripgrep-2576_w00000,200000002,182866066,0.2137,0.02708,4.931,0.4692,0.03767,0.647,1343987,1136396,27843611,3288839,557725,3841712
perfind,burntsushi__ripgrep-2576_w00001,200000000,103247675,0.001085,1e-05,0.3886,0.00141,0,0.1575,1623497,3406794,25500978,1565110,481375,2045332
perfind,burntsushi__ripgrep-2576_w00002,200000002,113906918,1.33,0.000145,2.629,0.00553,0.6289,4.191,5926582,180244,6654477,4130321,4946194,9074741
perfind,burntsushi__ripgrep-2576_w00003,200000004,897509054,0.1501,0.00057,5.12,0.00155,0.02188,0.6621,526475,566074,38138986,619449,6370174,6988341
perfind,gin-gonic__gin-3820_w00000,200000000,183360676,0.2105,0.02688,4.88,0.4612,0.03764,0.6445,1338495,1143929,27723101,3293245,558601,3848768
perfind,gin-gonic__gin-3820_w00001,200000000,148214855,0.4756,0.006045,4.457,0.4873,0.0831,1.276,4178037,101998,29160226,3192418,1123607,4269760
perfind,gin-gonic__gin-3820_w00002,200000002,138729442,0.2967,0.004245,2.181,0.3633,0.06409,1.159,3313961,32574,24719586,4147969,505196,4568267
perfind,gin-gonic__gin-3820_w00003,200000003,106763990,0.02366,0.00148,1.342,0.02903,0.00802,0.3125,1814411,1808307,29621373,2061826,815715,2875997
perfind,immutable-js__immutable-js-2006_w00000,200000000,182447372,0.2099,0.02627,4.875,0.4569,0.03723,0.6431,1339278,1142914,27805321,3292905,557445,3846226
perfind,immutable-js__immutable-js-2006_w00001,200000004,178191120,0.1963,0.00715,4.269,0.1867,0.01917,0.6163,2686077,338249,25535956,3902266,371430,4188045
perfind,immutable-js__immutable-js-2006_w00002,200000001,131648503,0.2699,0.00879,1.969,0.3165,0.07608,0.7593,2858426,255677,26416035,3790684,212291,3916686
perfind,immutable-js__immutable-js-2006_w00003,200000001,173803421,0.2706,0.01059,4.259,0.3197,0.03553,0.6617,2569449,302220,24980463,3959049,442035,4323149
perfind,prometheus__prometheus-15142.toolchain_w00000,200000001,125674803,0.224,0.00036,1.904,0.3905,0.00977,1.178,2868742,2270,22503194,4834927,38986,4626546
perfind,prometheus__prometheus-15142.toolchain_w00001,200000001,152967558,0.164,0.000505,1.783,0.1167,0.00552,0.9518,3980965,95753,28286161,4359730,293841,4610203
perfind,prometheus__prometheus-15142.toolchain_w00002,200000003,194069641,0.07884,0.000185,2.253,0.0512,0.001685,0.4428,3728454,31887,26660963,3827968,97209,3886354
perfind,prometheus__prometheus-15142.toolchain_w00003,200000004,140743608,0.04984,0,2.066,0.02495,1e-05,0.2532,3598611,327,23428527,3398205,553421,3910205
perfind,prometheus__prometheus-15142_w00000,200000001,182606150,0.2087,0.02627,4.882,0.4527,0.03732,0.6394,1340903,1143558,27745991,3291834,557532,3845464
perfind,prometheus__prometheus-15142_w00001,200000003,99105247,0.02631,0.00022,0.3023,0.02675,0.01329,0.1446,1046412,2182114,28024063,2909155,455798,3364961
perfind,prometheus__prometheus-15142_w00002,200000001,92775797,0.02617,4.5e-05,0.25,0.02617,0.01332,0.1449,1070720,2203888,27907843,2934958,459156,3394118
perfind,prometheus__prometheus-15142_w00003,200000002,149979983,0.04954,0.00136,0.9104,0.03613,0.00135,0.3466,2343677,1225186,28248278,3185489,218378,3357383
perfind,redis__redis-13115.toolchain_w00000,200000000,175917442,0.2,0.009725,2.326,0.4219,0.009795,0.6066,1422550,258905,18214206,3370174,42561,3385912
perfind,redis__redis-13115.toolchain_w00001,200000001,178052081,0.08347,0.000105,0.7911,0.01265,4e-05,0.09647,4886927,681089,25554129,5449207,29448,5463099
perfind,redis__redis-13115.toolchain_w00002,200000000,87496631,0.01455,0.0003,0.6025,0.01455,0.00019,0.4152,3616939,956157,22183585,4982184,358492,5322826
perfind,redis__redis-13115.toolchain_w00003,200000001,79920975,0.055,0.002045,0.9501,0.06681,0.00107,0.4379,1502885,981476,29529519,4711492,95642,4768950
perfind,redis__redis-13115_w00000,200000004,183492540,0.2122,0.02692,4.923,0.4657,0.03761,0.645,1340333,1141333,27784682,3285943,558221,3840586
perfind,redis__redis-13115_w00001,200000002,169295428,0.2593,0.01851,3.998,0.384,0.03019,0.8875,1646708,388827,28178062,3808992,115125,3839799
perfind,redis__redis-13115_w00002,200000001,164258055,0.3223,0.024,5.699,0.5172,0.04215,0.9505,1642019,375212,28127382,3747887,165628,3843751
perfind,redis__redis-13115_w00003,200000000,523361249,1.099,0.000745,3.504,0.1167,1.022,0.1814,2239988,1294762,33730624,2627001,1399561,4025098
perfind,rubocop__rubocop-13668.toolchain_w00000,200000001,145166055,0.238,0.00809,2.959,0.2824,0.0497,0.3867,2330790,695381,23209522,3894479,358147,4251023
perfind,rubocop__rubocop-13668.toolchain_w00001,200000000,136878417,0.2052,0.007505,2.968,0.1651,0.09113,0.2915,2560167,842900,25945846,3752199,533075,4285220
perfind,rubocop__rubocop-13668.toolchain_w00002,200000004,126034978,0.02513,0.001195,1.512,0.03583,0.00123,0.229,2856849,853940,26973105,3826115,669375,4495487
perfind,rubocop__rubocop-13668.toolchain_w00003,200000004,183922599,1.136,0.00677,1.185,0.1272,1.023,0.2523,2621483,2460040,21875057,3438100,454029,3889525
perfind,rubocop__rubocop-13668_w00000,200000001,183623751,0.2132,0.02678,4.889,0.4659,0.0378,0.6492,1337631,1151645,27665919,3291849,550778,3839149
perfind,rubocop__rubocop-13668_w00001,200000000,118158347,1.211,0.00319,0.8057,0.04303,1.181,0.1127,2936479,3009905,22173962,2359426,421710,2779302
perfind,rubocop__rubocop-13668_w00002,200000003,175779810,1.021,0.00524,1.118,0.0829,0.9596,0.1979,2754256,2510435,21777716,3181829,638538,3817961
perfind,rubocop__rubocop-13668_w00003,200000004,106996597,0.00107,1e-05,0.4262,0.001085,0,0.1539,1631261,3361281,25662991,1544247,425847,1968815
