trace,benchmark,weight,config,label,instructions,cycles,ipc,mpki,dir_mpki,cycwpki,accuracy,rv_delivered_pct,speedup,mpki_reduction_pct,dir_mpki_reduction_pct,cycwpki_reduction_pct
706.stockfish_r.sp0,706.stockfish_r,0.1413,cbp_tagescl64,TAGE-SC-L 64KB,200000000,139060942,1.438218,5.1320,4.8244,467.105,95.0400,0.00,1.000000,0.0000,0.0000,0.0000
706.stockfish_r.sp0,706.stockfish_r,0.1413,cbp_tagescl192,TAGE-SC-L 192KB,200000000,138059856,1.448647,4.8510,4.5439,458.882,95.3200,0.00,1.007251,5.4754,5.8152,1.7603
706.stockfish_r.sp0,706.stockfish_r,0.1413,cbp_ddtage,DD-TAGE (Ros),200000000,138159917,1.447598,4.8890,4.5815,459.891,95.2800,0.00,1.006522,4.7350,5.0347,1.5443
706.stockfish_r.sp0,706.stockfish_r,0.1413,cbp_runlts,RUNLTS (no RV),200000003,137785728,1.451529,4.7830,4.4762,457.393,95.3800,0.00,1.009255,6.8005,7.2173,2.0792
706.stockfish_r.sp0,706.stockfish_r,0.1413,cbp_runlts_rv,RUNLTS (load RV),200000000,137725407,1.452165,4.7770,4.4695,457.419,95.3900,20.88,1.009697,6.9174,7.3576,2.0735
706.stockfish_r.sp0,706.stockfish_r,0.1413,cbp_perfdir,Perfect direction,200000000,119241138,1.677273,0.3098,0.0000,61.902,99.7000,0.00,1.166216,93.9634,100.0000,86.7476
706.stockfish_r.sp0,706.stockfish_r,0.1413,cbp_perfall,Perfect direction+target,200000000,117980947,1.695189,0.0000,0.0000,0.000,100.0000,0.00,1.178673,100.0000,100.0000,100.0000
706.stockfish_r.sp1,706.stockfish_r,0.2813,cbp_tagescl64,TAGE-SC-L 64KB,200000003,145839104,1.371374,5.8270,5.5241,489.978,94.5300,0.00,1.000000,0.0000,0.0000,0.0000
706.stockfish_r.sp1,706.stockfish_r,0.2813,cbp_tagescl192,TAGE-SC-L 192KB,200000003,144712300,1.382053,5.4870,5.1834,481.627,94.8500,0.00,1.007787,5.8349,6.1667,1.7044
706.stockfish_r.sp1,706.stockfish_r,0.2813,cbp_ddtage,DD-TAGE (Ros),200000003,144807258,1.381146,5.5320,5.2290,481.661,94.8100,0.00,1.007126,5.0626,5.3411,1.6974
706.stockfish_r.sp1,706.stockfish_r,0.2813,cbp_runlts,RUNLTS (no RV),200000003,144477467,1.384299,5.4100,5.1069,480.227,94.9300,0.00,1.009425,7.1563,7.5515,1.9900
706.stockfish_r.sp1,706.stockfish_r,0.2813,cbp_runlts_rv,RUNLTS (load RV),200000001,144481761,1.384258,5.4190,5.1160,480.081,94.9200,20.93,1.009395,7.0019,7.3875,2.0198
706.stockfish_r.sp1,706.stockfish_r,0.2813,cbp_perfdir,Perfect direction,200000001,123489496,1.619571,0.3041,0.0000,70.967,99.7100,0.00,1.180984,94.7812,100.0000,85.5163
706.stockfish_r.sp1,706.stockfish_r,0.2813,cbp_perfall,Perfect direction+target,200000001,122337666,1.634819,0.0000,0.0000,0.000,100.0000,0.00,1.192103,100.0000,100.0000,100.0000
706.stockfish_r.sp2,706.stockfish_r,0.5774,cbp_tagescl64,TAGE-SC-L 64KB,200000001,141262792,1.415801,5.0610,4.8288,466.664,95.0800,0.00,1.000000,0.0000,0.0000,0.0000
706.stockfish_r.sp2,706.stockfish_r,0.5774,cbp_tagescl192,TAGE-SC-L 192KB,200000001,140304261,1.425473,4.7660,4.5336,457.965,95.3700,0.00,1.006832,5.8289,6.1145,1.8642
706.stockfish_r.sp2,706.stockfish_r,0.5774,cbp_ddtage,DD-TAGE (Ros),200000001,140386670,1.424637,4.8120,4.5795,458.864,95.3200,0.00,1.006241,4.9200,5.1641,1.6714
706.stockfish_r.sp2,706.stockfish_r,0.5774,cbp_runlts,RUNLTS (no RV),200000001,140082134,1.427734,4.7050,4.4726,456.799,95.4300,0.00,1.008428,7.0342,7.3768,2.1139
706.stockfish_r.sp2,706.stockfish_r,0.5774,cbp_runlts_rv,RUNLTS (load RV),200000001,140072702,1.427830,4.7140,4.4811,457.134,95.4200,20.84,1.008496,6.8564,7.2015,2.0423
706.stockfish_r.sp2,706.stockfish_r,0.5774,cbp_perfdir,Perfect direction,200000001,121688124,1.643546,0.2330,0.0000,52.618,99.7700,0.00,1.160859,95.3962,100.0000,88.7246
706.stockfish_r.sp2,706.stockfish_r,0.5774,cbp_perfall,Perfect direction+target,200000001,120737479,1.656486,0.0000,0.0000,0.000,100.0000,0.00,1.170000,100.0000,100.0000,100.0000
707.ntest_r.sp0,707.ntest_r,0.8041,cbp_tagescl64,TAGE-SC-L 64KB,200000001,111475008,1.794124,2.2080,2.1663,230.836,97.3500,0.00,1.000000,0.0000,0.0000,0.0000
707.ntest_r.sp0,707.ntest_r,0.8041,cbp_tagescl192,TAGE-SC-L 192KB,200000001,110718990,1.806375,1.9790,1.9376,215.346,97.6300,0.00,1.006828,10.3714,10.5588,6.7104
707.ntest_r.sp0,707.ntest_r,0.8041,cbp_ddtage,DD-TAGE (Ros),200000001,110434302,1.811032,1.8980,1.8565,207.094,97.7300,0.00,1.009424,14.0399,14.3006,10.2853
707.ntest_r.sp0,707.ntest_r,0.8041,cbp_runlts,RUNLTS (no RV),200000001,110270107,1.813728,1.8140,1.7724,204.291,97.8300,0.00,1.010927,17.8442,18.1826,11.4994
707.ntest_r.sp0,707.ntest_r,0.8041,cbp_runlts_rv,RUNLTS (load RV),200000001,110252043,1.814025,1.8150,1.7737,203.637,97.8200,14.62,1.011092,17.7989,18.1235,11.7830
707.ntest_r.sp0,707.ntest_r,0.8041,cbp_perfdir,Perfect direction,200000001,104044703,1.922251,0.0413,0.0000,1.188,99.9500,0.00,1.071415,98.1273,100.0000,99.4851
707.ntest_r.sp0,707.ntest_r,0.8041,cbp_perfall,Perfect direction+target,200000001,104045107,1.922243,0.0000,0.0000,0.000,100.0000,0.00,1.071410,100.0000,100.0000,100.0000
707.ntest_r.sp1,707.ntest_r,0.0958,cbp_tagescl64,TAGE-SC-L 64KB,200000004,112079273,1.784451,2.3570,2.2713,227.702,96.8500,0.00,1.000000,0.0000,0.0000,0.0000
707.ntest_r.sp1,707.ntest_r,0.0958,cbp_tagescl192,TAGE-SC-L 192KB,200000004,111533523,1.793183,2.1910,2.1051,218.351,97.0700,0.00,1.004893,7.0429,7.3188,4.1068
707.ntest_r.sp1,707.ntest_r,0.0958,cbp_ddtage,DD-TAGE (Ros),200000004,111458263,1.794394,2.1660,2.0791,214.403,97.1100,0.00,1.005572,8.1035,8.4626,5.8407
707.ntest_r.sp1,707.ntest_r,0.0958,cbp_runlts,RUNLTS (no RV),200000004,111237006,1.797963,2.0700,1.9832,212.957,97.2400,0.00,1.007572,12.1765,12.6854,6.4758
707.ntest_r.sp1,707.ntest_r,0.0958,cbp_runlts_rv,RUNLTS (load RV),200000004,111241858,1.797884,2.0750,1.9887,212.862,97.2300,14.33,1.007528,11.9644,12.4450,6.5173
707.ntest_r.sp1,707.ntest_r,0.0958,cbp_perfdir,Perfect direction,200000004,104385653,1.915972,0.0886,0.0000,12.325,99.8800,0.00,1.073704,96.2414,100.0000,94.5870
707.ntest_r.sp1,707.ntest_r,0.0958,cbp_perfall,Perfect direction+target,200000004,104169201,1.919953,0.0000,0.0000,0.000,100.0000,0.00,1.075935,100.0000,100.0000,100.0000
707.ntest_r.sp2,707.ntest_r,0.1001,cbp_tagescl64,TAGE-SC-L 64KB,200000004,113054373,1.769060,0.6608,0.5984,129.685,98.7800,0.00,1.000000,0.0000,0.0000,0.0000
707.ntest_r.sp2,707.ntest_r,0.1001,cbp_tagescl192,TAGE-SC-L 192KB,200000004,113017994,1.769630,0.6499,0.5873,129.287,98.8000,0.00,1.000322,1.6495,1.8433,0.3068
707.ntest_r.sp2,707.ntest_r,0.1001,cbp_ddtage,DD-TAGE (Ros),200000004,113010995,1.769739,0.6482,0.5856,128.950,98.8000,0.00,1.000384,1.9068,2.1274,0.5668
707.ntest_r.sp2,707.ntest_r,0.1001,cbp_runlts,RUNLTS (no RV),200000004,113002055,1.769879,0.6423,0.5796,128.158,98.8100,0.00,1.000463,2.7996,3.1352,1.1776
707.ntest_r.sp2,707.ntest_r,0.1001,cbp_runlts_rv,RUNLTS (load RV),200000004,112981370,1.770203,0.6371,0.5744,127.695,98.8200,13.72,1.000646,3.5866,4.0025,1.5346
707.ntest_r.sp2,707.ntest_r,0.1001,cbp_perfdir,Perfect direction,200000004,110915410,1.803176,0.0660,0.0000,21.168,99.8800,0.00,1.019285,90.0166,100.0000,83.6774
707.ntest_r.sp2,707.ntest_r,0.1001,cbp_perfall,Perfect direction+target,200000004,110589540,1.808489,0.0000,0.0000,0.000,100.0000,0.00,1.022288,100.0000,100.0000,100.0000
708.sqlite_r.sp0,708.sqlite_r,0.4708,cbp_tagescl64,TAGE-SC-L 64KB,200000000,174681808,1.144939,0.0214,0.0214,6.875,99.9900,0.00,1.000000,0.0000,0.0000,0.0000
708.sqlite_r.sp0,708.sqlite_r,0.4708,cbp_tagescl192,TAGE-SC-L 192KB,200000000,174669738,1.145018,0.0238,0.0237,7.607,99.9900,0.00,1.000069,-11.0851,-11.1241,-10.6465
708.sqlite_r.sp0,708.sqlite_r,0.4708,cbp_ddtage,DD-TAGE (Ros),200000000,174655393,1.145112,0.0171,0.0171,5.534,99.9900,0.00,1.000151,19.8784,19.9297,19.5017
708.sqlite_r.sp0,708.sqlite_r,0.4708,cbp_runlts,RUNLTS (no RV),200000000,174705988,1.144780,0.0328,0.0328,10.602,99.9800,0.00,0.999862,-53.5080,-53.5831,-54.2182
708.sqlite_r.sp0,708.sqlite_r,0.4708,cbp_runlts_rv,RUNLTS (load RV),200000000,174705988,1.144780,0.0328,0.0328,10.602,99.9800,34.87,0.999862,-53.5547,-53.6300,-54.2230
708.sqlite_r.sp0,708.sqlite_r,0.4708,cbp_perfdir,Perfect direction,200000000,174583283,1.145585,0.0000,0.0000,0.004,100.0000,0.00,1.000564,99.8363,100.0000,99.9359
708.sqlite_r.sp0,708.sqlite_r,0.4708,cbp_perfall,Perfect direction+target,200000000,174583473,1.145584,0.0000,0.0000,0.000,100.0000,0.00,1.000563,100.0000,100.0000,100.0000
708.sqlite_r.sp1,708.sqlite_r,0.2678,cbp_tagescl64,TAGE-SC-L 64KB,200000004,175704017,1.138278,2.7890,1.7881,503.233,98.6000,0.00,1.000000,0.0000,0.0000,0.0000
708.sqlite_r.sp1,708.sqlite_r,0.2678,cbp_tagescl192,TAGE-SC-L 192KB,200000004,175443682,1.139967,2.7320,1.7320,500.674,98.6300,0.00,1.001484,2.0437,3.1396,0.5084
708.sqlite_r.sp1,708.sqlite_r,0.2678,cbp_ddtage,DD-TAGE (Ros),200000004,175537867,1.139355,2.7490,1.7490,501.430,98.6200,0.00,1.000947,1.4342,2.1900,0.3582
708.sqlite_r.sp1,708.sqlite_r,0.2678,cbp_runlts,RUNLTS (no RV),200000004,174915592,1.143409,2.6380,1.6381,488.443,98.6700,0.00,1.004507,5.4141,8.3904,2.9390
708.sqlite_r.sp1,708.sqlite_r,0.2678,cbp_runlts_rv,RUNLTS (load RV),200000004,174879592,1.143644,2.6190,1.6188,488.723,98.6800,33.72,1.004714,6.0954,9.4675,2.8834
708.sqlite_r.sp1,708.sqlite_r,0.2678,cbp_perfdir,Perfect direction,200000004,159825094,1.251368,1.0050,0.0000,174.560,99.5000,0.00,1.099352,63.9656,100.0000,65.3122
708.sqlite_r.sp1,708.sqlite_r,0.2678,cbp_perfall,Perfect direction+target,200000004,154572209,1.293894,0.0000,0.0000,0.000,100.0000,0.00,1.136712,100.0000,100.0000,100.0000
708.sqlite_r.sp2,708.sqlite_r,0.2614,cbp_tagescl64,TAGE-SC-L 64KB,200000002,112884985,1.771715,0.6646,0.5930,130.781,99.6800,0.00,1.000000,0.0000,0.0000,0.0000
708.sqlite_r.sp2,708.sqlite_r,0.2614,cbp_tagescl192,TAGE-SC-L 192KB,200000002,112815385,1.772808,0.6544,0.5828,129.654,99.6800,0.00,1.000617,1.5348,1.7226,0.8611
708.sqlite_r.sp2,708.sqlite_r,0.2614,cbp_ddtage,DD-TAGE (Ros),200000002,112771557,1.773497,0.6514,0.5798,129.135,99.6800,0.00,1.001006,1.9862,2.2285,1.2585
708.sqlite_r.sp2,708.sqlite_r,0.2614,cbp_runlts,RUNLTS (no RV),200000002,112796846,1.773099,0.6519,0.5803,129.476,99.6800,0.00,1.000781,1.9109,2.1459,0.9978
708.sqlite_r.sp2,708.sqlite_r,0.2614,cbp_runlts_rv,RUNLTS (load RV),200000002,112347373,1.780193,0.5827,0.5112,121.495,99.7200,32.78,1.004785,12.3232,13.7909,7.0998
708.sqlite_r.sp2,708.sqlite_r,0.2614,cbp_perfdir,Perfect direction,200000002,109248888,1.830682,0.0719,0.0000,12.899,99.9700,0.00,1.033283,89.1830,100.0000,90.1368
708.sqlite_r.sp2,708.sqlite_r,0.2614,cbp_perfall,Perfect direction+target,200000002,108855498,1.837298,0.0000,0.0000,0.000,100.0000,0.00,1.037017,100.0000,100.0000,100.0000
710.omnetpp_r.sp0,710.omnetpp_r,0.0936,cbp_tagescl64,TAGE-SC-L 64KB,200000002,190092110,1.052122,7.0410,6.7819,605.874,97.0900,0.00,1.000000,0.0000,0.0000,0.0000
710.omnetpp_r.sp0,710.omnetpp_r,0.0936,cbp_tagescl192,TAGE-SC-L 192KB,200000001,180597837,1.107433,5.7310,5.4726,530.137,97.6300,0.00,1.052571,18.6053,19.3064,12.5005
710.omnetpp_r.sp0,710.omnetpp_r,0.0936,cbp_ddtage,DD-TAGE (Ros),200000001,172580015,1.158883,4.6350,4.3763,465.314,98.0800,0.00,1.101472,34.1713,35.4710,23.1996
710.omnetpp_r.sp0,710.omnetpp_r,0.0936,cbp_runlts,RUNLTS (no RV),200000001,174950639,1.143180,4.9820,4.7232,488.466,97.9400,0.00,1.086547,29.2430,30.3554,19.3783
710.omnetpp_r.sp0,710.omnetpp_r,0.0936,cbp_runlts_rv,RUNLTS (load RV),200000002,174777799,1.144310,4.9640,4.7053,486.787,97.9500,32.88,1.087622,29.4987,30.6195,19.6555
710.omnetpp_r.sp0,710.omnetpp_r,0.0936,cbp_perfdir,Perfect direction,200000002,140903608,1.419410,0.2591,0.0000,80.424,99.8900,0.00,1.349093,96.3201,100.0000,86.7259
710.omnetpp_r.sp0,710.omnetpp_r,0.0936,cbp_perfall,Perfect direction+target,200000002,139956740,1.429013,0.0000,0.0000,0.000,100.0000,0.00,1.358220,100.0000,100.0000,100.0000
710.omnetpp_r.sp2,710.omnetpp_r,0.8855,cbp_tagescl64,TAGE-SC-L 64KB,200000003,251024587,0.796735,6.3880,0.9012,943.146,96.6400,0.00,1.000000,0.0000,0.0000,0.0000
710.omnetpp_r.sp2,710.omnetpp_r,0.8855,cbp_tagescl192,TAGE-SC-L 192KB,200000003,250878630,0.797198,6.3770,0.8906,941.146,96.6500,0.00,1.000582,0.1722,1.1834,0.2120
710.omnetpp_r.sp2,710.omnetpp_r,0.8855,cbp_ddtage,DD-TAGE (Ros),200000003,251001834,0.796807,6.3830,0.8963,942.821,96.6400,0.00,1.000091,0.0783,0.5437,0.0344
710.omnetpp_r.sp2,710.omnetpp_r,0.8855,cbp_runlts,RUNLTS (no RV),200000003,250924517,0.797052,6.3750,0.8882,942.711,96.6500,0.00,1.000399,0.2035,1.4458,0.0461
710.omnetpp_r.sp2,710.omnetpp_r,0.8855,cbp_runlts_rv,RUNLTS (load RV),200000003,250890395,0.797161,6.3730,0.8866,942.346,96.6500,40.12,1.000535,0.2348,1.6245,0.0847
710.omnetpp_r.sp2,710.omnetpp_r,0.8855,cbp_perfdir,Perfect direction,200000003,245061882,0.816120,5.4990,0.0000,904.582,97.1100,0.00,1.024331,13.9167,100.0000,4.0888
710.omnetpp_r.sp2,710.omnetpp_r,0.8855,cbp_perfall,Perfect direction+target,200000003,212853864,0.939612,0.0000,0.0000,0.000,100.0000,0.00,1.179328,100.0000,100.0000,100.0000
714.cpython_r.sp0,714.cpython_r,0.1449,cbp_tagescl64,TAGE-SC-L 64KB,200000004,104103481,1.921165,2.3510,0.0017,151.339,98.7800,0.00,1.000000,0.0000,0.0000,0.0000
714.cpython_r.sp0,714.cpython_r,0.1449,cbp_tagescl192,TAGE-SC-L 192KB,200000004,104103511,1.921165,2.3510,0.0018,151.343,98.7800,0.00,1.000000,0.0000,-2.0057,-0.0025
714.cpython_r.sp0,714.cpython_r,0.1449,cbp_ddtage,DD-TAGE (Ros),200000004,104103481,1.921165,2.3510,0.0016,151.298,98.7800,0.00,1.000000,0.0000,6.0172,0.0267
714.cpython_r.sp0,714.cpython_r,0.1449,cbp_runlts,RUNLTS (no RV),200000004,104103511,1.921165,2.3500,0.0013,151.281,98.7800,0.00,1.000000,0.0425,23.4957,0.0381
714.cpython_r.sp0,714.cpython_r,0.1449,cbp_runlts_rv,RUNLTS (load RV),200000004,104103511,1.921165,2.3500,0.0013,151.281,98.7800,34.38,1.000000,0.0425,23.4957,0.0381
714.cpython_r.sp0,714.cpython_r,0.1449,cbp_perfdir,Perfect direction,200000004,104087366,1.921463,2.3490,0.0000,151.162,98.7800,0.00,1.000155,0.0851,100.0000,0.1170
714.cpython_r.sp0,714.cpython_r,0.1449,cbp_perfall,Perfect direction+target,200000004,94911351,2.107230,0.0000,0.0000,0.000,100.0000,0.00,1.096850,100.0000,100.0000,100.0000
714.cpython_r.sp1,714.cpython_r,0.8494,cbp_tagescl64,TAGE-SC-L 64KB,200000001,102065757,1.959521,3.1510,0.0004,237.646,98.4600,0.00,1.000000,0.0000,0.0000,0.0000
714.cpython_r.sp1,714.cpython_r,0.8494,cbp_tagescl192,TAGE-SC-L 192KB,200000001,102065757,1.959521,3.1510,0.0004,237.646,98.4600,0.00,1.000000,0.0000,1.1111,0.0000
714.cpython_r.sp1,714.cpython_r,0.8494,cbp_ddtage,DD-TAGE (Ros),200000001,102065757,1.959521,3.1510,0.0004,237.646,98.4600,0.00,1.000000,0.0000,0.0000,0.0000
714.cpython_r.sp1,714.cpython_r,0.8494,cbp_runlts,RUNLTS (no RV),200000001,102065757,1.959521,3.1510,0.0005,237.646,98.4600,0.00,1.000000,0.0000,-1.1111,-0.0001
714.cpython_r.sp1,714.cpython_r,0.8494,cbp_runlts_rv,RUNLTS (load RV),200000001,102065757,1.959521,3.1510,0.0005,237.646,98.4600,33.05,1.000000,0.0000,-1.1111,-0.0001
714.cpython_r.sp1,714.cpython_r,0.8494,cbp_perfdir,Perfect direction,200000001,102055035,1.959727,3.1510,0.0000,237.598,98.4600,0.00,1.000105,0.0000,100.0000,0.0201
714.cpython_r.sp1,714.cpython_r,0.8494,cbp_perfall,Perfect direction+target,200000001,89395286,2.237254,0.0000,0.0000,0.000,100.0000,0.00,1.141735,100.0000,100.0000,100.0000
721.gcc_r.sp1,721.gcc_r,0.9479,cbp_tagescl64,TAGE-SC-L 64KB,200000001,156495624,1.277991,4.7630,3.2407,455.423,97.5900,0.00,1.000000,0.0000,0.0000,0.0000
721.gcc_r.sp1,721.gcc_r,0.9479,cbp_tagescl192,TAGE-SC-L 192KB,200000001,154851903,1.291557,4.4460,2.9011,442.830,97.7500,0.00,1.010615,6.6555,10.4794,2.7650
721.gcc_r.sp1,721.gcc_r,0.9479,cbp_ddtage,DD-TAGE (Ros),200000004,154709887,1.292742,4.4100,2.8654,440.981,97.7700,0.00,1.011543,7.4113,11.5820,3.1711
721.gcc_r.sp1,721.gcc_r,0.9479,cbp_runlts,RUNLTS (no RV),200000001,154790516,1.292069,4.4250,2.8824,441.057,97.7600,0.00,1.011016,7.0964,11.0568,3.1545
721.gcc_r.sp1,721.gcc_r,0.9479,cbp_runlts_rv,RUNLTS (load RV),200000001,154813556,1.291877,4.4320,2.8882,441.307,97.7600,31.65,1.010865,6.9494,10.8787,3.0995
721.gcc_r.sp1,721.gcc_r,0.9479,cbp_perfdir,Perfect direction,200000001,140631186,1.422160,1.6170,0.0000,227.565,99.1800,0.00,1.112809,66.0508,100.0000,50.0322
721.gcc_r.sp1,721.gcc_r,0.9479,cbp_perfall,Perfect direction+target,200000001,130750109,1.529635,0.0000,0.0000,0.000,100.0000,0.00,1.196906,100.0000,100.0000,100.0000
723.llvm_r.sp1,723.llvm_r,0.8865,cbp_tagescl64,TAGE-SC-L 64KB,200000001,153745201,1.300854,10.7400,5.7270,522.753,94.6800,0.00,1.000000,0.0000,0.0000,0.0000
723.llvm_r.sp1,723.llvm_r,0.8865,cbp_tagescl192,TAGE-SC-L 192KB,200000001,146379211,1.366314,9.3050,3.8840,480.781,95.3900,0.00,1.050321,13.3613,32.1798,8.0290
723.llvm_r.sp1,723.llvm_r,0.8865,cbp_ddtage,DD-TAGE (Ros),200000001,145993884,1.369920,9.2250,3.8045,478.122,95.4300,0.00,1.053093,14.1061,33.5691,8.5377
723.llvm_r.sp1,723.llvm_r,0.8865,cbp_runlts,RUNLTS (no RV),200000004,146231113,1.367698,9.2720,3.8643,479.238,95.4100,0.00,1.051385,13.6685,32.5248,8.3242
723.llvm_r.sp1,723.llvm_r,0.8865,cbp_runlts_rv,RUNLTS (load RV),200000001,146244552,1.367572,9.2750,3.8685,479.471,95.4100,31.20,1.051288,13.6406,32.4512,8.2797
723.llvm_r.sp1,723.llvm_r,0.8865,cbp_perfdir,Perfect direction,200000000,126987184,1.574962,5.6710,0.0000,318.710,97.1900,0.00,1.210714,47.1974,100.0000,39.0324
723.llvm_r.sp1,723.llvm_r,0.8865,cbp_perfall,Perfect direction+target,200000004,97067603,2.060420,0.0000,0.0000,0.000,100.0000,0.00,1.583898,100.0000,100.0000,100.0000
723.llvm_r.sp2,723.llvm_r,0.0950,cbp_tagescl64,TAGE-SC-L 64KB,200000003,106563624,1.876813,0.9584,0.6902,150.502,99.4900,0.00,1.000000,0.0000,0.0000,0.0000
723.llvm_r.sp2,723.llvm_r,0.0950,cbp_tagescl192,TAGE-SC-L 192KB,200000003,106437736,1.879033,0.9315,0.6631,148.578,99.5100,0.00,1.001183,2.8068,3.9300,1.2788
723.llvm_r.sp2,723.llvm_r,0.0950,cbp_ddtage,DD-TAGE (Ros),200000003,106450080,1.878815,0.9290,0.6605,148.541,99.5100,0.00,1.001067,3.0676,4.3082,1.3031
723.llvm_r.sp2,723.llvm_r,0.0950,cbp_runlts,RUNLTS (no RV),200000003,106316323,1.881179,0.8955,0.6268,145.788,99.5200,0.00,1.002326,6.5630,9.1916,3.1327
723.llvm_r.sp2,723.llvm_r,0.0950,cbp_runlts_rv,RUNLTS (load RV),200000003,106328430,1.880965,0.8979,0.6292,145.838,99.5200,31.43,1.002212,6.3126,8.8345,3.0996
723.llvm_r.sp2,723.llvm_r,0.0950,cbp_perfdir,Perfect direction,200000003,103368032,1.934834,0.2727,0.0000,71.313,99.8600,0.00,1.030915,71.5463,100.0000,52.6167
723.llvm_r.sp2,723.llvm_r,0.0950,cbp_perfall,Perfect direction+target,200000003,102124863,1.958387,0.0000,0.0000,0.000,100.0000,0.00,1.043464,100.0000,100.0000,100.0000
727.cppcheck_r.sp1,727.cppcheck_r,0.2039,cbp_tagescl64,TAGE-SC-L 64KB,200000004,368216692,0.543158,0.8386,0.1011,241.693,99.6700,0.00,1.000000,0.0000,0.0000,0.0000
727.cppcheck_r.sp1,727.cppcheck_r,0.2039,cbp_tagescl192,TAGE-SC-L 192KB,200000004,367887068,0.543645,0.8250,0.0882,233.212,99.6800,0.00,1.000896,1.6218,12.7702,3.5089
727.cppcheck_r.sp1,727.cppcheck_r,0.2039,cbp_ddtage,DD-TAGE (Ros),200000004,367833186,0.543725,0.8195,0.0827,231.237,99.6800,0.00,1.001043,2.2776,18.2155,4.3261
727.cppcheck_r.sp1,727.cppcheck_r,0.2039,cbp_runlts,RUNLTS (no RV),200000004,367968054,0.543525,0.8176,0.0808,235.853,99.6800,0.00,1.000676,2.5042,20.0752,2.4162
727.cppcheck_r.sp1,727.cppcheck_r,0.2039,cbp_runlts_rv,RUNLTS (load RV),200000004,367968049,0.543525,0.8179,0.0812,236.190,99.6800,35.98,1.000676,2.4684,19.7191,2.2767
727.cppcheck_r.sp1,727.cppcheck_r,0.2039,cbp_perfdir,Perfect direction,200000004,366522506,0.545669,0.7447,0.0000,190.838,99.7100,0.00,1.004622,11.1972,100.0000,21.0411
727.cppcheck_r.sp1,727.cppcheck_r,0.2039,cbp_perfall,Perfect direction+target,200000004,361206452,0.553700,0.0000,0.0000,0.000,100.0000,0.00,1.019408,100.0000,100.0000,100.0000
727.cppcheck_r.sp2,727.cppcheck_r,0.7747,cbp_tagescl64,TAGE-SC-L 64KB,200000001,154120688,1.297684,0.1861,0.1339,54.372,99.9300,0.00,1.000000,0.0000,0.0000,0.0000
727.cppcheck_r.sp2,727.cppcheck_r,0.7747,cbp_tagescl192,TAGE-SC-L 192KB,200000001,154081663,1.298013,0.1792,0.1270,52.646,99.9300,0.00,1.000253,3.7077,5.1098,3.1748
727.cppcheck_r.sp2,727.cppcheck_r,0.7747,cbp_ddtage,DD-TAGE (Ros),200000001,153997653,1.298721,0.1737,0.1215,50.948,99.9300,0.00,1.000799,6.6631,9.1962,6.2972
727.cppcheck_r.sp2,727.cppcheck_r,0.7747,cbp_runlts,RUNLTS (no RV),200000001,153729893,1.300983,0.1464,0.0943,41.170,99.9400,0.00,1.002542,21.3326,29.5757,24.2804
727.cppcheck_r.sp2,727.cppcheck_r,0.7747,cbp_runlts_rv,RUNLTS (load RV),200000001,153753893,1.300780,0.1468,0.0946,41.208,99.9400,29.14,1.002386,21.1177,29.3105,24.2104
727.cppcheck_r.sp2,727.cppcheck_r,0.7747,cbp_perfdir,Perfect direction,200000001,152994458,1.307237,0.0527,0.0000,9.145,99.9800,0.00,1.007361,71.6873,100.0000,83.1805
727.cppcheck_r.sp2,727.cppcheck_r,0.7747,cbp_perfall,Perfect direction+target,200000001,152579043,1.310796,0.0000,0.0000,0.000,100.0000,0.00,1.010104,100.0000,100.0000,100.0000
729.abc_r.sp0,729.abc_r,0.8523,cbp_tagescl64,TAGE-SC-L 64KB,200000003,162444024,1.231193,11.0000,10.9950,599.519,92.9900,0.00,1.000000,0.0000,0.0000,0.0000
729.abc_r.sp0,729.abc_r,0.8523,cbp_tagescl192,TAGE-SC-L 192KB,200000002,161784582,1.236212,10.8300,10.8321,594.703,93.1000,0.00,1.004076,1.5455,1.4819,0.8033
729.abc_r.sp0,729.abc_r,0.8523,cbp_ddtage,DD-TAGE (Ros),200000002,161935862,1.235057,10.8600,10.8617,595.893,93.0800,0.00,1.003138,1.2727,1.2130,0.6047
729.abc_r.sp0,729.abc_r,0.8523,cbp_runlts,RUNLTS (no RV),200000002,161516444,1.238264,10.7600,10.7629,593.132,93.1400,0.00,1.005743,2.1818,2.1115,1.0653
729.abc_r.sp0,729.abc_r,0.8523,cbp_runlts_rv,RUNLTS (load RV),200000002,161516060,1.238267,10.7600,10.7614,593.092,93.1400,32.16,1.005745,2.1818,2.1248,1.0720
729.abc_r.sp0,729.abc_r,0.8523,cbp_perfdir,Perfect direction,200000003,111880480,1.787622,0.0006,0.0000,0.190,100.0000,0.00,1.451943,99.9943,100.0000,99.9683
729.abc_r.sp0,729.abc_r,0.8523,cbp_perfall,Perfect direction+target,200000002,111840828,1.788256,0.0000,0.0000,0.000,100.0000,0.00,1.452457,100.0000,100.0000,100.0000
729.abc_r.sp2,729.abc_r,0.1420,cbp_tagescl64,TAGE-SC-L 64KB,200000004,163086105,1.226346,8.6040,8.6037,580.746,94.6900,0.00,1.000000,0.0000,0.0000,0.0000
729.abc_r.sp2,729.abc_r,0.1420,cbp_tagescl192,TAGE-SC-L 192KB,200000004,162056739,1.234136,8.3710,8.3709,573.233,94.8400,0.00,1.006352,2.7080,2.7066,1.2937
729.abc_r.sp2,729.abc_r,0.1420,cbp_ddtage,DD-TAGE (Ros),200000004,162115372,1.233689,8.3790,8.3786,574.251,94.8300,0.00,1.005988,2.6151,2.6166,1.1185
729.abc_r.sp2,729.abc_r,0.1420,cbp_runlts,RUNLTS (no RV),200000003,161760873,1.236393,8.2960,8.2954,571.335,94.8800,0.00,1.008193,3.5797,3.5837,1.6206
729.abc_r.sp2,729.abc_r,0.1420,cbp_runlts_rv,RUNLTS (load RV),200000004,161794060,1.236139,8.3010,8.3001,571.620,94.8800,32.33,1.007986,3.5216,3.5290,1.5714
729.abc_r.sp2,729.abc_r,0.1420,cbp_perfdir,Perfect direction,200000002,120870194,1.654668,0.0008,0.0000,0.272,100.0000,0.00,1.349266,99.9903,100.0000,99.9531
729.abc_r.sp2,729.abc_r,0.1420,cbp_perfall,Perfect direction+target,200000002,120879324,1.654543,0.0000,0.0000,0.000,100.0000,0.00,1.349165,100.0000,100.0000,100.0000
734.vpr_r.sp0,734.vpr_r,0.1221,cbp_tagescl64,TAGE-SC-L 64KB,200000000,94485461,2.116728,2.1920,1.2220,185.636,99.0200,0.00,1.000000,0.0000,0.0000,0.0000
734.vpr_r.sp0,734.vpr_r,0.1221,cbp_tagescl192,TAGE-SC-L 192KB,200000000,94198476,2.123177,2.1080,1.1347,182.222,99.0500,0.00,1.003047,3.8321,7.1381,1.8389
734.vpr_r.sp0,734.vpr_r,0.1221,cbp_ddtage,DD-TAGE (Ros),200000002,94212093,2.122870,2.1060,1.1328,182.388,99.0500,0.00,1.002902,3.9234,7.2968,1.7495
734.vpr_r.sp0,734.vpr_r,0.1221,cbp_runlts,RUNLTS (no RV),200000000,93904710,2.129819,2.0060,1.0324,177.965,99.1000,0.00,1.006184,8.4854,15.5118,4.1324
734.vpr_r.sp0,734.vpr_r,0.1221,cbp_runlts_rv,RUNLTS (load RV),200000000,93946244,2.128877,2.0180,1.0441,178.637,99.0900,35.30,1.005740,7.9380,14.5585,3.7703
734.vpr_r.sp0,734.vpr_r,0.1221,cbp_perfdir,Perfect direction,200000000,91199068,2.193005,1.0450,0.0000,130.429,99.5300,0.00,1.036035,52.3266,100.0000,29.7391
734.vpr_r.sp0,734.vpr_r,0.1221,cbp_perfall,Perfect direction+target,200000002,84887948,2.356047,0.0000,0.0000,0.000,100.0000,0.00,1.113061,100.0000,100.0000,100.0000
734.vpr_r.sp1,734.vpr_r,0.8382,cbp_tagescl64,TAGE-SC-L 64KB,200000003,371639775,0.538156,3.4560,0.3590,270.854,98.4200,0.00,1.000000,0.0000,0.0000,0.0000
734.vpr_r.sp1,734.vpr_r,0.8382,cbp_tagescl192,TAGE-SC-L 192KB,200000003,371699255,0.538069,3.4230,0.3256,268.280,98.4300,0.00,0.999840,0.9549,9.3072,0.9500
734.vpr_r.sp1,734.vpr_r,0.8382,cbp_ddtage,DD-TAGE (Ros),200000003,371576828,0.538247,3.4130,0.3147,266.526,98.4400,0.00,1.000169,1.2442,12.3418,1.5980
734.vpr_r.sp1,734.vpr_r,0.8382,cbp_runlts,RUNLTS (no RV),200000003,371633500,0.538165,3.4050,0.3067,263.572,98.4400,0.00,1.000017,1.4757,14.5839,2.6883
734.vpr_r.sp1,734.vpr_r,0.8382,cbp_runlts_rv,RUNLTS (load RV),200000003,371591198,0.538226,3.4040,0.3058,263.412,98.4400,30.80,1.000131,1.5046,14.8304,2.7476
734.vpr_r.sp1,734.vpr_r,0.8382,cbp_perfdir,Perfect direction,200000003,369954525,0.540607,3.1020,0.0000,212.132,98.5800,0.00,1.004555,10.2431,100.0000,21.6803
734.vpr_r.sp1,734.vpr_r,0.8382,cbp_perfall,Perfect direction+target,200000003,356264715,0.561380,0.0000,0.0000,0.000,100.0000,0.00,1.043156,100.0000,100.0000,100.0000
735.gem5_r.sp1,735.gem5_r,0.9171,cbp_tagescl64,TAGE-SC-L 64KB,200000004,136942617,1.460466,2.6920,0.3375,331.955,98.6200,0.00,1.000000,0.0000,0.0000,0.0000
735.gem5_r.sp1,735.gem5_r,0.9171,cbp_tagescl192,TAGE-SC-L 192KB,200000004,136543131,1.464739,2.6310,0.2763,326.798,98.6500,0.00,1.002926,2.2660,18.1231,1.5537
735.gem5_r.sp1,735.gem5_r,0.9171,cbp_ddtage,DD-TAGE (Ros),200000004,136463216,1.465596,2.6170,0.2626,325.499,98.6500,0.00,1.003513,2.7860,22.1886,1.9451
735.gem5_r.sp1,735.gem5_r,0.9171,cbp_runlts,RUNLTS (no RV),200000004,136384898,1.466438,2.6010,0.2462,323.533,98.6600,0.00,1.004089,3.3804,27.0306,2.5372
735.gem5_r.sp1,735.gem5_r,0.9171,cbp_runlts_rv,RUNLTS (load RV),200000004,136377812,1.466514,2.6030,0.2484,323.607,98.6600,37.68,1.004141,3.3061,26.4038,2.5151
735.gem5_r.sp1,735.gem5_r,0.9171,cbp_perfdir,Perfect direction,200000004,134810898,1.483560,2.3590,0.0000,299.305,98.7900,0.00,1.015813,12.3700,100.0000,9.8359
735.gem5_r.sp1,735.gem5_r,0.9171,cbp_perfall,Perfect direction+target,200000004,125305506,1.596099,0.0000,0.0000,0.000,100.0000,0.00,1.092870,100.0000,100.0000,100.0000
750.sealcrypto_r.sp0,750.sealcrypto_r,0.4397,cbp_tagescl64,TAGE-SC-L 64KB,200000000,96400824,2.074671,0.0795,0.0787,6.517,99.7000,0.00,1.000000,0.0000,0.0000,0.0000
750.sealcrypto_r.sp0,750.sealcrypto_r,0.4397,cbp_tagescl192,TAGE-SC-L 192KB,200000000,96244213,2.078047,0.0103,0.0095,1.597,99.9600,0.00,1.001627,87.0457,87.8969,75.4979
750.sealcrypto_r.sp0,750.sealcrypto_r,0.4397,cbp_ddtage,DD-TAGE (Ros),200000000,96307514,2.076681,0.0375,0.0367,4.305,99.8600,0.00,1.000969,52.8235,53.3274,33.9400
750.sealcrypto_r.sp0,750.sealcrypto_r,0.4397,cbp_runlts,RUNLTS (no RV),200000000,96246249,2.078003,0.0110,0.0102,1.656,99.9600,0.00,1.001606,86.1904,87.0333,74.5895
750.sealcrypto_r.sp0,750.sealcrypto_r,0.4397,cbp_runlts_rv,RUNLTS (load RV),200000000,96246249,2.078003,0.0110,0.0102,1.656,99.9600,14.01,1.001606,86.1904,87.0333,74.5895
750.sealcrypto_r.sp0,750.sealcrypto_r,0.4397,cbp_perfdir,Perfect direction,200000000,96158933,2.079890,0.0011,0.0000,0.247,100.0000,0.00,1.002516,98.6605,100.0000,96.2137
750.sealcrypto_r.sp0,750.sealcrypto_r,0.4397,cbp_perfall,Perfect direction+target,200000000,96186294,2.079298,0.0000,0.0000,0.000,100.0000,0.00,1.002230,100.0000,100.0000,100.0000
750.sealcrypto_r.sp1,750.sealcrypto_r,0.2519,cbp_tagescl64,TAGE-SC-L 64KB,200000003,106499199,1.877948,0.2478,0.2463,18.107,99.0800,0.00,1.000000,0.0000,0.0000,0.0000
750.sealcrypto_r.sp1,750.sealcrypto_r,0.2519,cbp_tagescl192,TAGE-SC-L 192KB,200000003,106055764,1.885800,0.0766,0.0751,5.879,99.7200,0.00,1.004181,69.0799,69.4880,67.5326
750.sealcrypto_r.sp1,750.sealcrypto_r,0.2519,cbp_ddtage,DD-TAGE (Ros),200000003,106211199,1.883041,0.1305,0.1291,11.729,99.5200,0.00,1.002712,47.3366,47.5962,35.2215
750.sealcrypto_r.sp1,750.sealcrypto_r,0.2519,cbp_runlts,RUNLTS (no RV),200000003,106064579,1.885644,0.0718,0.0703,5.726,99.7300,0.00,1.004098,71.0291,71.4532,68.3766
750.sealcrypto_r.sp1,750.sealcrypto_r,0.2519,cbp_runlts_rv,RUNLTS (load RV),200000003,106043199,1.886024,0.0695,0.0680,5.578,99.7400,15.49,1.004300,71.9653,72.3973,69.1949
750.sealcrypto_r.sp1,750.sealcrypto_r,0.2519,cbp_perfdir,Perfect direction,200000003,105839774,1.889649,0.0019,0.0000,0.439,99.9900,0.00,1.006230,99.2191,100.0000,97.5755
750.sealcrypto_r.sp1,750.sealcrypto_r,0.2519,cbp_perfall,Perfect direction+target,200000003,105815634,1.890080,0.0000,0.0000,0.000,100.0000,0.00,1.006460,100.0000,100.0000,100.0000
750.sealcrypto_r.sp2,750.sealcrypto_r,0.3084,cbp_tagescl64,TAGE-SC-L 64KB,200000003,99108484,2.017991,0.0079,0.0057,1.532,99.9800,0.00,1.000000,0.0000,0.0000,0.0000
750.sealcrypto_r.sp2,750.sealcrypto_r,0.3084,cbp_tagescl192,TAGE-SC-L 192KB,200000003,99117814,2.017801,0.0076,0.0054,1.494,99.9800,0.00,0.999906,3.3037,4.3210,2.5137
750.sealcrypto_r.sp2,750.sealcrypto_r,0.3084,cbp_ddtage,DD-TAGE (Ros),200000003,99120484,2.017746,0.0077,0.0055,1.526,99.9800,0.00,0.999879,2.1601,2.7337,0.4073
750.sealcrypto_r.sp2,750.sealcrypto_r,0.3084,cbp_runlts,RUNLTS (no RV),200000003,99114544,2.017867,0.0070,0.0048,1.431,99.9800,0.00,0.999939,10.8640,14.8148,6.5876
750.sealcrypto_r.sp2,750.sealcrypto_r,0.3084,cbp_runlts_rv,RUNLTS (load RV),200000003,99114544,2.017867,0.0070,0.0048,1.431,99.9800,16.87,0.999939,10.8640,14.8148,6.5876
750.sealcrypto_r.sp2,750.sealcrypto_r,0.3084,cbp_perfdir,Perfect direction,200000003,99078704,2.018597,0.0030,0.0000,0.636,99.9900,0.00,1.000301,61.8806,100.0000,58.4929
750.sealcrypto_r.sp2,750.sealcrypto_r,0.3084,cbp_perfall,Perfect direction+target,200000003,99020934,2.019775,0.0000,0.0000,0.000,100.0000,0.00,1.000884,100.0000,100.0000,100.0000
753.ns3_r.sp0,753.ns3_r,0.5847,cbp_tagescl64,TAGE-SC-L 64KB,200000000,123090582,1.624820,3.5160,0.5935,266.322,98.2500,0.00,1.000000,0.0000,0.0000,0.0000
753.ns3_r.sp0,753.ns3_r,0.5847,cbp_tagescl192,TAGE-SC-L 192KB,200000000,122345033,1.634721,3.3460,0.4200,257.457,98.3300,0.00,1.006094,4.8350,29.2254,3.3285
753.ns3_r.sp0,753.ns3_r,0.5847,cbp_ddtage,DD-TAGE (Ros),200000000,122332860,1.634884,3.3460,0.4204,257.495,98.3300,0.00,1.006194,4.8350,29.1597,3.3143
753.ns3_r.sp0,753.ns3_r,0.5847,cbp_runlts,RUNLTS (no RV),200000000,122255109,1.635923,3.3270,0.4012,256.613,98.3400,0.00,1.006834,5.3754,32.4066,3.6454
753.ns3_r.sp0,753.ns3_r,0.5847,cbp_runlts_rv,RUNLTS (load RV),200000000,122293433,1.635411,3.3330,0.4072,257.042,98.3400,37.64,1.006518,5.2048,31.3973,3.4844
753.ns3_r.sp0,753.ns3_r,0.5847,cbp_perfdir,Perfect direction,200000000,120370794,1.661533,2.9300,0.0000,229.538,98.5400,0.00,1.022595,16.6667,100.0000,13.8117
753.ns3_r.sp0,753.ns3_r,0.5847,cbp_perfall,Perfect direction+target,200000004,109658245,1.823848,0.0000,0.0000,0.000,100.0000,0.00,1.122493,100.0000,100.0000,100.0000
753.ns3_r.sp1,753.ns3_r,0.1262,cbp_tagescl64,TAGE-SC-L 64KB,200000003,118009756,1.694775,2.9940,0.3373,229.482,98.5100,0.00,1.000000,0.0000,0.0000,0.0000
753.ns3_r.sp1,753.ns3_r,0.1262,cbp_tagescl192,TAGE-SC-L 192KB,200000003,117576863,1.701015,2.9010,0.2424,223.890,98.5500,0.00,1.003682,3.1062,28.1165,2.4367
753.ns3_r.sp1,753.ns3_r,0.1262,cbp_ddtage,DD-TAGE (Ros),200000003,117501139,1.702111,2.8860,0.2275,222.393,98.5600,0.00,1.004329,3.6072,32.5536,3.0889
753.ns3_r.sp1,753.ns3_r,0.1262,cbp_runlts,RUNLTS (no RV),200000003,117450831,1.702840,2.8730,0.2141,221.995,98.5700,0.00,1.004759,4.0414,36.5162,3.2625
753.ns3_r.sp1,753.ns3_r,0.1262,cbp_runlts_rv,RUNLTS (load RV),200000003,117464139,1.702647,2.8770,0.2180,222.125,98.5600,37.69,1.004645,3.9078,35.3702,3.2059
753.ns3_r.sp1,753.ns3_r,0.1262,cbp_perfdir,Perfect direction,200000003,116421529,1.717895,2.6610,0.0000,205.669,98.6700,0.00,1.013642,11.1222,100.0000,10.3766
753.ns3_r.sp1,753.ns3_r,0.1262,cbp_perfall,Perfect direction+target,200000003,106911555,1.870705,0.0000,0.0000,0.000,100.0000,0.00,1.103807,100.0000,100.0000,100.0000
753.ns3_r.sp2,753.ns3_r,0.2891,cbp_tagescl64,TAGE-SC-L 64KB,200000003,124273574,1.609353,3.6640,0.6575,278.940,98.1700,0.00,1.000000,0.0000,0.0000,0.0000
753.ns3_r.sp2,753.ns3_r,0.2891,cbp_tagescl192,TAGE-SC-L 192KB,200000003,123541663,1.618887,3.5050,0.4941,271.401,98.2500,0.00,1.005924,4.3395,24.8464,2.7028
753.ns3_r.sp2,753.ns3_r,0.2891,cbp_ddtage,DD-TAGE (Ros),200000003,123542104,1.618881,3.5090,0.4992,271.560,98.2500,0.00,1.005921,4.2303,24.0700,2.6456
753.ns3_r.sp2,753.ns3_r,0.2891,cbp_runlts,RUNLTS (no RV),200000003,123469411,1.619834,3.4880,0.4769,271.071,98.2600,0.00,1.006513,4.8035,27.4662,2.8208
753.ns3_r.sp2,753.ns3_r,0.2891,cbp_runlts_rv,RUNLTS (load RV),200000003,123487865,1.619592,3.4910,0.4806,271.213,98.2600,37.64,1.006363,4.7216,26.9065,2.7702
753.ns3_r.sp2,753.ns3_r,0.2891,cbp_perfdir,Perfect direction,200000003,121220675,1.649884,3.0170,0.0000,238.937,98.4900,0.00,1.025185,17.6583,100.0000,14.3409
753.ns3_r.sp2,753.ns3_r,0.2891,cbp_perfall,Perfect direction+target,200000003,110473921,1.810382,0.0000,0.0000,0.000,100.0000,0.00,1.124913,100.0000,100.0000,100.0000
777.zstd_r.sp0,777.zstd_r,0.6408,cbp_tagescl64,TAGE-SC-L 64KB,200000000,171361878,1.167121,4.3520,3.9132,549.518,96.0800,0.00,1.000000,0.0000,0.0000,0.0000
777.zstd_r.sp0,777.zstd_r,0.6408,cbp_tagescl192,TAGE-SC-L 192KB,200000002,171290418,1.167608,4.3320,3.8929,548.723,96.0900,0.00,1.000417,0.4596,0.5186,0.1447
777.zstd_r.sp0,777.zstd_r,0.6408,cbp_ddtage,DD-TAGE (Ros),200000002,171356740,1.167156,4.3360,3.8972,549.014,96.0900,0.00,1.000030,0.3676,0.4076,0.0918
777.zstd_r.sp0,777.zstd_r,0.6408,cbp_runlts,RUNLTS (no RV),200000002,171347288,1.167220,4.3270,3.8883,549.021,96.1000,0.00,1.000085,0.5744,0.6363,0.0904
777.zstd_r.sp0,777.zstd_r,0.6408,cbp_runlts_rv,RUNLTS (load RV),200000000,171284368,1.167649,4.3260,3.8866,548.818,96.1000,16.87,1.000453,0.5974,0.6808,0.1275
777.zstd_r.sp0,777.zstd_r,0.6408,cbp_perfdir,Perfect direction,200000001,149233628,1.340181,0.5417,0.0000,223.339,99.5100,0.00,1.148279,87.5528,100.0000,59.3574
777.zstd_r.sp0,777.zstd_r,0.6408,cbp_perfall,Perfect direction+target,200000002,147554184,1.355434,0.0000,0.0000,0.000,100.0000,0.00,1.161349,100.0000,100.0000,100.0000
777.zstd_r.sp1,777.zstd_r,0.2927,cbp_tagescl64,TAGE-SC-L 64KB,200000000,171045784,1.169278,4.3840,3.9101,560.165,96.0300,0.00,1.000000,0.0000,0.0000,0.0000
777.zstd_r.sp1,777.zstd_r,0.2927,cbp_tagescl192,TAGE-SC-L 192KB,200000000,170953884,1.169906,4.3690,3.8946,559.377,96.0500,0.00,1.000538,0.3422,0.3970,0.1406
777.zstd_r.sp1,777.zstd_r,0.2927,cbp_ddtage,DD-TAGE (Ros),200000000,170966537,1.169820,4.3750,3.9009,559.578,96.0400,0.00,1.000464,0.2053,0.2353,0.1048
777.zstd_r.sp1,777.zstd_r,0.2927,cbp_runlts,RUNLTS (no RV),200000000,171014537,1.169491,4.3660,3.8908,559.700,96.0500,0.00,1.000183,0.4106,0.4935,0.0831
777.zstd_r.sp1,777.zstd_r,0.2927,cbp_runlts_rv,RUNLTS (load RV),200000000,170971034,1.169789,4.3650,3.8900,559.588,96.0500,16.94,1.000437,0.4334,0.5161,0.1030
777.zstd_r.sp1,777.zstd_r,0.2927,cbp_perfdir,Perfect direction,200000000,147308942,1.357691,0.6042,0.0000,244.700,99.4500,0.00,1.161136,86.2181,100.0000,56.3165
777.zstd_r.sp1,777.zstd_r,0.2927,cbp_perfall,Perfect direction+target,200000000,144742442,1.381765,0.0000,0.0000,0.000,100.0000,0.00,1.181725,100.0000,100.0000,100.0000
777.zstd_r.sp2,777.zstd_r,0.0665,cbp_tagescl64,TAGE-SC-L 64KB,200000000,88722423,2.254222,1.4450,1.4424,133.641,98.6100,0.00,1.000000,0.0000,0.0000,0.0000
777.zstd_r.sp2,777.zstd_r,0.0665,cbp_tagescl192,TAGE-SC-L 192KB,200000000,88701914,2.254743,1.4430,1.4397,133.549,98.6100,0.00,1.000231,0.1384,0.1855,0.0693
777.zstd_r.sp2,777.zstd_r,0.0665,cbp_ddtage,DD-TAGE (Ros),200000000,88687360,2.255113,1.4450,1.4418,133.597,98.6100,0.00,1.000395,0.0000,0.0447,0.0328
777.zstd_r.sp2,777.zstd_r,0.0665,cbp_runlts,RUNLTS (no RV),200000000,88688314,2.255089,1.4350,1.4323,133.655,98.6200,0.00,1.000385,0.6920,0.7026,-0.0101
777.zstd_r.sp2,777.zstd_r,0.0665,cbp_runlts_rv,RUNLTS (load RV),200000000,88692045,2.254994,1.4350,1.4321,133.706,98.6200,15.75,1.000343,0.6920,0.7169,-0.0488
777.zstd_r.sp2,777.zstd_r,0.0665,cbp_perfdir,Perfect direction,200000003,84264311,2.373484,0.0036,0.0000,0.229,100.0000,0.00,1.052906,99.7540,100.0000,99.8288
777.zstd_r.sp2,777.zstd_r,0.0665,cbp_perfall,Perfect direction+target,200000003,84271661,2.373277,0.0000,0.0000,0.000,100.0000,0.00,1.052814,100.0000,100.0000,100.0000
