before_rebase	after_rebase	subject
259597935d925ba10e8cf4e944b8ec2afa9e9bda	78d240615dd23723ed57a99e8f0e1dbddccc0a30	ptw: add optional fixed-latency translation for speed studies
17bd7fd59ee81f7d15ffa4a99737f37564f0fe25	290e46ee026cf209b8385188b4b6e15aa9332e2a	ptw: allow fixed translation timers in the default watchdog
b1fb06b9eab8caee9c5464e82f50e5c070097fa0	8782efca4bab34c63b0f2e491705adf79f137991	perf: document legacy PTW benchmarks and measured simulator hotspots
3991ee752a665eb9e1530b24ca6faf31d5d48ce2	c3049af837b5bbf98f0af615b31b61535f728c87	perf: establish sequential optimization log and parity measurements
cf23636c735f97f9c980e78272aaf1f9c8a0f78b	4c86c987f211b9f7129f789c5819e912ff9ff9ad	perf: check allocation counter output writes
e6f937e421c868ac9ee01788d37aeacad6c13797	60c6f42beeda1e76b8c2686f550da87739bb5943	test: keep performance parity checks active under optimized Python
fbcc11ff1d9d99d67733be72adfd7b09bc8d0647	ef934ab4ef00da82b73b41a3eaed062f4632e588	perf: skip cache bandwidth debug allocations in release builds
ebe6081e657140efd5f89790aed353973372aedb	c376c975d35a02fa4e9d5f06bb3cb0c936d95b72	docs: record inert cache debug-allocation fix and paired KIPS
482d080f0fe154e22af1a863d5d11aaaa25fcd04	6da91170cdfd92e28645ef3c2e0e5e43af3bee8d	perf: reuse phase-local scheduler and CPU views without changing order
c9d643fc69acf5da99b4031016260581b1922a8c	a09d3d097756c4abeeb4df5109d0052f4e1b1b22	docs: record scheduler allocation fix, phase regressions and KIPS
bb3f195720d134bd0d46a0f9649062234832f856	f3ca4b93c2148bfbbed3ec03cc0be00ca7e933d8	perf: inline bandwidth accounting while preserving exhaustion semantics
5da1d1fc53de84541d08a4fe86c526e8b7a2352f	a53da3cb7d69cb0c85dd2da260990e8bbef54875	docs: record bandwidth speedup and SMT-contention repeat
63b047673b154f01cbf6e9a3fc19f16c53748bec	5e8ae9f9a5b279d32093c70f3bf25d1c25661a97	perf: skip zero-width legacy DRAM swizzle work
d49f2ea5a7e6adb84a39fd85cc685ae47c6cd78e	9e538fee31c6dd0da203cd36e560afabe815163e	docs: record zero-width DRAM speedup and mapping coverage
2a7940b2efc521057f0a263d09e29386c05d4e06	736551bcf050ae4bb975f28c9c1c53d19b205c9f	perf: skip LSQ readiness scans for absent memory operands
6ead68fa5e0198a391aa1e0f6ce9b09eef376954	319bf4678c08c14fd7ad649537fb5f6ba48c529b	docs: record inert LSQ scan guards and paired throughput
f7ee81b9da04de212f89972795b9cdb2e4c56f9a	d96b8e94fcf65effd8c06ae5ac46b19429a1636c	perf: move trace instructions through consumed frontend queues
2c275ed07ed8f40160438c3d9fbe08ddd1848386	6a918c2a8916094eeaa3883907ab63dc070478e5	docs: record inert trace moves, payload checks and paired KIPS
2b4cbcb41da7c6063a2180e2771337ac81d7ab7b	7397ae5db698fcb2f29569e606aeb1aa04488a1c	docs: record cumulative speedups and remaining stress coverage
d1c80c4a9d032b6297131d3c4d99c488a4cb3b5a	d4dd7b391403213956ba371ee5b9a6c127061d80	docs: record Linux perf hotspots and next optimization targets
dae9774029548465b67120a1930d0216a67a8889	6fa60ab4535532385c7da174d8443e819d38d37c	perf: define extended regression gate and configurable run timeout
78679b11c9dbad609c5c4e7f531981bbccb1a1c8	9124c179652b168d628b9916c70be54468d6adc2	perf: isolate trace refill stack from instruction reads
df1474b18f4dfe4c5f76571dfe10c49d369c85b2	5b0f5f7eded51849897443efaae5f2d8b046745f	docs: record trace refill neutrality and throughput gains
1655c953bf96d2326dc3ec008da1ade7d022d66d	e21ef5f63d3ef7b54079cc6b032995204e45b805	trace: avoid copying raw records during refill and conversion
3bcb0f7b40a03e5ce409304767a8b0f3bc8fd893	b12d40453c556cd7f902a649c271a10137d66f81	docs: record raw trace copy optimization and timing repeat
1d47029745a53c4ea2d03c7a6ed210b289c88243	6ccd71e959e28d6a018b299d0cfccc031e48c19f	test: characterize register queries after inlining experiments
f8d7e93204ee58f86f1fba23311497f9db8c3b7d	8d5332ff980d6384d91345e51aedd734f866fb9a	docs: record deferred register inlining and preserved regressions
3c1646dc35c6b75ee75224791251021695e6adbb	0baebd27312f4e4e379428402a55b3e0d2f51e78	test: characterize runtime extent size bounds
740a26ac74e77aebe6046a989fb90a3ae3657fdc	c2a60e5bec799bdc6f144f29f7a61419a7bda444	docs: record extent inlining trials and long regression results
461e16d01410ab6529a2545f990a121da8389780	3140c4824316558d29245bbe8df3010e3d2817ac	cache: Skip queue helpers when no work can progress
8d15d222cfd902e3058004f2c4c3498f12b95eae	c49b54c93a03b5ef4c167a7001da6374a7d079b3	docs: Record cache guard parity and paired KIPS gains
10424c97d1da1b536b408d595ca01abbaec1cc08	92095b9fab503236c1a8ff50dee732a56b5810be	docs: Reprofile cache guards and justify conservative ROB work
7af4b39b0d0ff476349c7b74b7565139649ca7f2	8c9c648f4470b10639489307e96b9af4d2001796	docs: Record all-workload cache guard regression parity
5640d18f0a88871e76c0a369ffa535ec598a58d1	8426723c6dbb9ca54b8cf98c53092c6ad233ddaf	test: Characterize ROB stage ordering and callback mutations
7ac17f54d996f56cd46766a7473b8229f04be64f	5e9904560e5193db2e85e7f65f5fb8d6f096ba09	docs: Record ROB trial parity and consistent KIPS regression
6425c6aa6236427513d5cdc251c21db8f0b731f9	a3a30ce88e201b2b6d9ec6a8a2befcc554751566	test: Cover DRAM mapping tails, copies and checked boundaries
aad0547895640c13cd825ce9784a0dd180ddc009	183faa3486afff84a0e8936e7f67cebb58ffda0d	docs: Record DRAM descriptor parity and workload tradeoff
cd97b6ed96f7880c17f6ff059ca771d3e21b2113	1ea6b5cab54e14f6c3e31244cff42c0a9fbcae47	tools: Reject empty trace manifests before campaign setup
4bc0f04538a1b1a61adaf869a0e79107dcb79d01	da311dcbf888e536a786526ac6b0e33df9c39192	docs: Close performance pass with audited cumulative KIPS
f290a4b3417fa7f41edf0b29e024a931821060a9	be0525404738dbedf40ed74cea8b4fcf9a25bd15	docs: Specify portable simulator build modes
a612bf2b78e7cba8046b10445c08c517ab645271	f08d0f0e03d227bab89c1ffda96e0e2faaa62dab	docs: Set x86-64-v2 baseline after ETH CPU audit
e07f6ed81adc599aee7711d7084e538b47ff7f05	474a702c2eafdac20528e718020d250d37175802	docs: Start staged build optimization campaign
6b71dee03f21296fb23a15ce6aa8d955abcbdf90	c6588e2e6ecdf769ac40e89c9c51ebd2bbe375a3	docs: Record v2 parity and measured throughput cost
ebd9462668fc7dee281bf07c2c3026eb293c9dfb	e30afa2659c1d5a58f9dfb9a3839a5435cf11ad4	docs: Close v2 review and clarify build compatibility
99365e1e8ec17a0643f592bef10b015db586c7a8	b80b2a7fc98c4889f54690bb60ca232d57e3c8ef	sim: Make assertion policy explicit
8f0b06871df4c6851001e1f7518eea8b43cee25e	87aa5ba2f0b1eddbce8a19ec4e77ff7bdcdf127c	sim: Report construction errors through the CLI
d7976387d9cf76c53df25dc5a93aa362ab76aebf	232f7431fd74d03c7e0acf7fe05711ec6b2f564e	docs: Record assertion policy performance and acceptance
35877649e9eb75a795dcf9088a1b90902eac8faa	78a787f7d4a6e844300124856bf9452c188c8c87	build: isolate portable modes and compiler provenance
20fcec7e97a494991fd1adcc98da469fe4fdecec	27be6223c51089429412720001b90b96f58e20c4	build: preserve mode symbols and parse empty compiler macros
d71de93c688243283ae2cb2e05ec4b6fcc5dcfb2	8656a388edaaecbcb65ce607a23a4766a92b7090	build: reject grouped linker symbol-stripping switches
65fe18c3dac03c80eb5c8c4b8f51f7c2a4c31991	49dfb9797210be6636b8d99ac8c86c5559b87ae4	test: isolate compiler fixtures from inherited output roots
052e93c3141df208a6b41e5db6f9737869646f5c	4c38c5f5488a56b5a5bcd569c4573c2670970bd7	docs: accept isolated named build modes and measured release
084f7a1db5274b60c1aa3a1ae27f78121a3bbd02	a7b81016ee5aa32d90e8b2c40ac28e8794d5f132	docs: accept validated v2 fast mode with paired throughput gains
6b7e1641231f4e8e4503048a681278b76e6b41a7	bedfcb89d1b132ae0061a4506ca8efb114e9d7a6	build: Add explicit x86-64-v3 profile
1f093c02ee2fb7a6a9d24b552e38d18e71a8dbd9	2b87b56d581984489df12575a2d15cf4f0d4e0a3	test: Skip v3 builds on unsupported compilers
7cf069933df9614c38ea676d7fff1267c4308055	8d8aad286b32d30346d96d216423a49567644353	build: Restore accepted x86-64-v2 policy
18ce2dd05e9e9875c4134b90dcca778652f4eb81	12c30b54581cd935b1e78be63466240c455d7e95	docs: reject slower v3 trial and unrestricted head-native ISA
dc0c95e131a7b06d940714bd10682f77c1f92421	960ae389578c8ae93374f58fce4587ded34106b2	docs: close out build optimization campaign
97ed44d790caeef63c19e81d02fd95aa885df5e9	194074a937b0000d7fb100c25a1d6917874ccc76	build: reject untracked linker inputs
6b7ad551103f13298cafd71a07364322919e6882	63298f3dae2c000c33002f9eb7e6f2ac24a72b8b	docs: record final build campaign verification
2876fc9bb007a7ce548be392ed7d6c61fa291746	aee99d70ac766de9eae7aa6259e4633779a832fe	docs: record local native KIPS comparison
